pow_delta,pow_theta,pow_alpha,pow_sigma,pow_beta,stage
-96.79070378281908,-98.45067791827324,-99.48009471513917,-100.03217390630404,-103.68565542761804,0
-95.5523756228848,-104.19921692256811,-110.55792774793146,-111.2215402713263,-113.1865292121432,0
-104.7337176983308,-111.85117946662108,-114.84876136333123,-118.00769189194627,-121.32922453630788,0
-113.5311080737458,-115.9980514209618,-118.5528804926936,-121.74684035779089,-124.19326199032346,0
-109.40982628877532,-113.166121744015,-117.11167402511111,-120.35082885997524,-123.1858387937339,0
-116.46981664777971,-118.78996905918315,-120.73430285158511,-123.70609959269859,-126.63856963672202,0
-116.1410432724559,-118.34379375251348,-120.49159944434841,-124.16577466454153,-126.7145070158557,0
-116.84300357194431,-119.05000550914845,-120.87285942953159,-123.86765286187374,-126.83324153339208,0
-113.93657542098875,-117.66249376083526,-121.27852928366961,-123.93104723960961,-126.72909399046465,0
-115.7937933570267,-118.42807736203747,-121.57334444848279,-124.1099262639681,-127.15614695166573,0
-108.0573941268102,-115.47666635563486,-119.65193022661673,-122.12947587037007,-123.55526518338056,0
-113.1822297040409,-116.10702063751543,-119.6057750059654,-121.3616760738825,-124.24089315428441,0
-116.50465499773041,-118.34100399211603,-121.65004164216158,-123.54575354099946,-125.87040684823403,0
-117.40198891319268,-119.25454227363448,-123.4411357820822,-124.7826960854699,-127.08189496046536,0
-116.98691726909755,-120.14037646165465,-124.14932724029129,-126.3089642095785,-127.9410748436293,0
-114.48722613192662,-119.53417025990782,-122.60746320106888,-125.28764566232108,-127.46508460349271,0
-118.99729746870278,-121.21259529135783,-123.65369517224157,-126.2507854767221,-128.35354410254033,0
-118.37933078007885,-120.92071202261688,-123.35969704895493,-126.12299535118915,-128.6243353978553,0
-119.5246051420951,-120.79127637226406,-124.48497200180215,-126.36359680743628,-128.70603943051523,0
-119.44288584547522,-120.95693187905057,-124.30596435322748,-127.34784897691429,-128.89056351577705,0
-118.72434320351245,-121.35662025581829,-124.67814490110972,-126.71480618359958,-129.07727204315216,0
-117.05136150813486,-120.61082067709764,-124.39925903600758,-125.89988127518218,-127.69168396782075,0
-118.78830414856183,-120.80318697469336,-123.8520316211377,-126.19424441036288,-128.6078399880706,0
-120.97518676181036,-121.92931696129338,-124.86110352374129,-127.56197015908342,-129.48130977556102,0
-120.53334719972324,-122.24513874743239,-125.34705463160587,-128.1613828849487,-129.91885056403711,0
-120.06671451149792,-121.61847466550621,-125.3297672520601,-127.30543924030711,-130.16813226317888,0
-120.70010022659437,-122.02175640077017,-125.27817026882487,-127.8494211583154,-129.99667021763238,0
-120.14956150299261,-120.66669156125084,-124.48671329120238,-127.64417524883063,-129.62172442227654,0
-120.05267232253237,-121.62256611071433,-125.76488842938521,-128.2510228704729,-130.2377157931134,0
-119.37948015983059,-122.91008911662696,-125.14531168665286,-127.29124116938446,-130.50785815545902,0
-121.52289954995987,-122.25711968231668,-126.60990236174234,-128.64742207757646,-130.8097539575495,0
-119.15718571000765,-122.29631893010679,-126.75430156967761,-129.4283272263824,-130.78190249650893,0
-121.26061132593826,-122.6453618145404,-125.88595435989285,-128.20077632669245,-130.9133802226708,0
-115.69980447035563,-121.07395632601444,-125.50272881090469,-127.80686976171171,-130.2354780575952,0
-121.40680659442155,-123.67672435966114,-126.69067608943739,-128.83003595791115,-131.02719872140327,0
-122.00171178299965,-123.66788050840105,-126.29944903027334,-128.6083035149347,-131.31502476776166,0
-117.04801244227258,-122.56023831494124,-125.85983738833396,-128.58018216757554,-130.90233731408895,0
-120.4196096353837,-123.02910410530559,-126.34244700558457,-128.6861366376817,-131.49756932691938,0
-123.11799962706189,-123.80996911669907,-126.8805264053404,-129.80087764947936,-131.8281569289002,0
-122.04055670043537,-123.56110003385034,-126.84600153384196,-129.161485122405,-131.25013261627626,0
-121.0156757542398,-121.47341670902192,-126.05683700231013,-129.92309433726606,-131.6718063860488,0
-119.91924720853144,-123.43363026101449,-127.72742873248305,-129.02205501027103,-131.72569043862143,0
-122.13205415038793,-123.98014720332723,-126.63937450807576,-129.6959880357412,-132.1741258105946,0
-122.91170243149045,-123.4364542385384,-127.8537091108724,-130.008363076097,-131.95479704204078,0
-122.38312084416927,-124.57498933586936,-126.68552442347197,-129.73557815607884,-131.89359003433836,0
-122.11053502904686,-123.45643747673536,-127.87412241901616,-130.07799882053223,-132.33156490268627,0
-117.31510561094818,-121.64790254692632,-126.95573250219059,-129.5736298929611,-132.26302683424265,0
-116.39023412583416,-121.84789742450388,-126.44757341721625,-129.4677935867254,-131.76192374903707,0
-123.18242076866935,-125.7316035592972,-128.74692691443462,-130.85814207608558,-133.4921082216833,0
-123.66919224282866,-125.35375721691364,-128.98482600962205,-130.54036859242288,-133.5857870197642,0
-123.98152066904959,-126.53020291538797,-129.5241071851684,-131.87131869968616,-133.6291166433906,0
-124.31747519101887,-125.3904847433857,-128.52373542249046,-131.57214690243367,-133.2877728319603,0
-122.65493345514743,-126.14959637568808,-129.9818120169299,-131.8971235409722,-133.94676500817215,1
-120.98931651729805,-123.88057237267779,-129.90563060232475,-132.7637231283111,-133.96539390165563,1
-123.65715413401739,-125.15145890191441,-130.06123859581461,-132.49799111735553,-134.12683082796963,1
-121.64842810603183,-123.66763354565126,-130.00689126565294,-132.69396182611666,-134.8607697621578,2
-125.75132213577068,-126.41036991896789,-131.6133894493316,-134.38984571610735,-135.70190471109743,2
-128.86308318170109,-129.2475694571642,-132.98022103242258,-134.99812488844557,-138.11900484131942,2
-127.46869406509776,-130.42762561010048,-134.17955861235689,-137.12802764317595,-137.6926274794542,2
-123.14788230864878,-126.6155470923498,-131.64162440607976,-134.03034064129977,-135.68757960768224,2
-122.38619987403402,-125.921947644687,-131.5709893174976,-133.67688746821736,-135.4825977680876,2
-122.4936812954158,-124.03553341552042,-130.81751608258713,-132.82456019323016,-134.26871791443784,2
-118.76395163085242,-121.13633629410698,-128.71021163950357,-130.6538699608462,-134.36612623101885,2
-119.86260832961192,-124.04950349581142,-129.30483533666245,-132.36779758386692,-134.39928471662236,2
-121.14679525225601,-124.50628133952142,-129.56467079445954,-132.7758737351925,-134.57735048983616,2
-119.41190432166626,-121.46584279180404,-127.52321053991189,-130.50676753612186,-133.8034741905897,2
-114.70073615077779,-121.0866111594182,-124.5130870041143,-128.0813651687386,-130.04883268751,2
-122.67496605898181,-127.52230521388464,-131.62560760624902,-134.08646070899493,-136.01427032850196,2
-122.79793177429022,-123.05280950856594,-128.19354624620402,-131.95983367323385,-134.28388834826595,2
-118.84155455102783,-120.80760607812259,-126.67457964634926,-129.2605644693924,-131.93984325780292,2
-119.10004315524753,-122.93279012548192,-127.51338757522602,-130.99909579755288,-133.64447266952064,2
-119.31590646475645,-122.58234244266852,-129.08006431245113,-131.2911669586573,-134.10148002872683,2
-118.83554119969337,-123.05067621921681,-128.92695419948672,-130.52324723634533,-133.6586118822338,2
-114.57674393907574,-119.13849324005194,-123.64186033243013,-125.6927819240803,-127.33816586665696,2
-114.02545374674645,-122.34216525982823,-125.9475422673475,-129.12865540517478,-131.3439392297118,1
-122.27507509462757,-125.74986213797034,-130.48395995360664,-132.83570869009696,-134.8547231068768,1
-123.12961767985436,-125.51538509301272,-128.69049222134518,-130.98194201116496,-133.8168952397991,1
-119.4585176351479,-122.45118234382055,-129.12704827508406,-131.3291370969896,-133.55282152904985,1
-119.3308221547006,-123.87149166880455,-129.21901583506,-130.90006942387402,-133.33652363284642,2
-118.55932044285177,-121.9026724677851,-125.96795662282986,-129.80041514256814,-133.12499735889747,2
-117.76995613118152,-122.15969113107923,-127.69956423779611,-130.29417650828697,-133.7557833799106,3
-116.68136433919825,-121.89894495143862,-127.48054902347062,-129.64226648593078,-133.37381109959037,3
-115.31206337156249,-120.19583370866697,-123.2715479059106,-125.59312756763353,-129.2450377189425,1
-118.91604763232078,-121.21856404882055,-129.13626763376007,-132.0136246065656,-134.49341121114747,2
-118.30279928811184,-122.62235456833467,-128.56886323230796,-130.5593793861634,-134.9696020887351,2
-114.54981799506471,-118.24856995851287,-123.61280008845773,-125.48600163892166,-127.58622799095907,2
-119.85674676787755,-124.30300050628544,-129.59202571152713,-132.66341739729066,-134.52204296381973,2
-118.06595051664921,-122.5614052460232,-126.61184663026462,-128.43988212924572,-132.89015553111864,2
-119.67495328808741,-122.11073152009932,-128.05569039698827,-129.62978882374168,-135.43765110415404,3
-119.87834014422715,-123.23667329710197,-128.62895645492216,-130.08289736836727,-134.8746425633436,3
-117.58728715730413,-121.43184785173716,-127.3089059871176,-130.0356039962967,-134.27729772482175,3
-116.49333371813672,-120.67769629502578,-125.02570191127155,-127.65468292185415,-132.38995264096218,2
-123.32934410794715,-124.21733207351578,-128.89089695086477,-131.40038128375602,-134.0359059055595,1
-119.1325426504987,-120.73359055142376,-127.23231243436685,-130.8934307291283,-134.36704419753377,2
-119.34760297671257,-122.75038709833869,-127.7902562758196,-129.89701317378302,-135.22851903559936,2
-119.8448495641592,-122.74467764370812,-124.74802369382897,-128.5345361986005,-132.2464128257467,2
-111.36166999203209,-118.95987806509211,-122.4986929461398,-125.61504407472145,-126.61832745193358,0
-122.25029693891312,-124.32315773536803,-125.8857060080824,-130.327398413888,-132.26375531572123,0
-120.20269242103802,-123.51217167008275,-126.28950274490751,-129.40912508648412,-131.94097015405507,0
-120.52494054586619,-123.77268238345178,-127.00616613543659,-130.0557608630937,-132.34568574161105,0
-123.42362144942516,-123.62480913809064,-127.89337576758618,-130.61760857154044,-132.5049711266943,1
-120.02489408147062,-119.42539877825061,-125.9395739641289,-128.26062220550796,-131.90687623139033,1
-119.88730769849849,-119.54274683378172,-126.3928140665454,-129.80271574722738,-131.81606064496515,2
-121.72195571604705,-121.53696761625835,-127.75333908457765,-130.0798186739458,-132.26196721171686,2
-118.69074822662668,-119.36059463869967,-126.41376576500838,-129.31775833393544,-132.49526103046028,2
-121.41549527976093,-121.06905533533103,-126.39828653136493,-129.8363061500863,-132.27168031291004,2
-119.23863607408254,-119.42247423936632,-125.7434473079731,-128.3977820545961,-131.86228447211116,2
-121.9444449338418,-120.04075865592765,-126.04801845855913,-129.16448213325603,-132.0587815527026,2
-120.6181412156957,-120.77652429973874,-126.49359273689772,-129.03521789215526,-132.17328686601974,2
-124.96981964531969,-124.42725430246477,-126.35421085681446,-129.45099641829714,-132.50931564709097,2
-112.09318214837494,-119.06067642720012,-122.50982358130445,-124.95103484977807,-126.67375380748854,0
-119.17902802919765,-123.60976712605076,-125.38791870811075,-128.9900686377958,-131.91239635116423,0
-123.24975640265237,-125.18044261169057,-128.64644194811262,-131.3326229578635,-133.73153629353826,0
-124.85914626846282,-125.97323954352755,-127.6137660417347,-130.2966478600427,-133.15599624641914,0
-120.31657573188427,-123.62954666989341,-125.9261494829253,-129.54947231307113,-132.3688628770437,0
-122.34405284363164,-123.03571770178928,-126.0852957401427,-129.41367213036497,-132.55467511184884,0
-122.82533805379458,-123.12067821245645,-126.68912339105658,-130.44670805066016,-132.7520026881652,0
-123.79049889178002,-123.73446316264432,-126.39238685096011,-129.80734617931458,-132.71339281031564,0
-120.09715519647216,-122.4752480384007,-128.29743092295732,-130.63019816461644,-132.99453548770927,2
-121.27086434931691,-121.91082496714539,-127.16374572999742,-130.8202890839351,-133.07662968625422,2
-118.09331518962145,-119.55031309218928,-126.53741766593936,-129.53358037113546,-133.5685572758947,3
-119.16657159691188,-120.54157672787179,-127.17274924130577,-130.1290499985845,-133.33202519983158,2
-117.72989127934233,-122.60126108705568,-124.66374983903226,-128.16733952514218,-130.54656939853254,1
-119.93865563944986,-123.94585753218277,-126.33328698068208,-129.86316675472298,-132.88805259728022,1
-109.61761173268944,-118.14317692065303,-121.74906563909039,-124.6328559414515,-126.65536513052933,0
-121.94761737244548,-125.19053078361313,-127.27426594293807,-129.27501770700582,-132.88598066494544,0
-124.19041742867883,-124.7618249794982,-127.6690372094544,-130.92090557999023,-133.4312359880889,0
-124.09209427962647,-124.13016690157716,-128.73546501471006,-131.56504083574634,-133.661443706357,1
-125.2889448066101,-125.31163650330251,-127.3605352323763,-131.1975033948864,-133.79841609032914,1
-123.14893991556333,-124.22351033019771,-129.8893355790196,-132.29233867892123,-133.3092613684088,1
-123.65406831812167,-122.93578984336126,-126.89961115862863,-130.05023046530067,-132.7380718283336,1
-119.96934414225574,-122.79056464761838,-128.2481990661142,-130.75579822495854,-133.39295640465562,2
-110.84994868495826,-117.46346299547518,-120.62920195146427,-122.26911837011274,-125.15155618298081,1
-125.15014187118989,-126.23294612480206,-129.44231166206572,-131.99935423129244,-134.1308571752073,1
-122.91423965772137,-123.40558137319347,-129.00891422554184,-131.32661882704394,-133.42170408925514,2
-118.7940029591093,-120.30828542870768,-125.03020003200669,-128.05397685003092,-129.17152907341622,2
-113.0023044597731,-120.29454780000358,-123.9284514576597,-126.46308706074721,-129.43237197876863,1
-122.64442169126434,-124.26398777104517,-127.04970706748693,-130.28701809688496,-132.95703932242478,1
-123.95977310578319,-123.66273487368201,-129.6292138842254,-132.29904880086582,-133.83434017138308,1
-121.41856225846702,-123.89052092714716,-126.15959534091579,-129.99457967821,-132.420115029153,0
-113.50572980655686,-118.79027277308828,-122.70715221716974,-125.86297419957997,-126.77699218344955,0
-116.33987469501625,-120.48779556402552,-122.69642254670244,-124.46428984255968,-126.7766779368788,0
-122.7179935361122,-124.1391618685077,-128.3472995606985,-131.34970751075426,-132.69313838482807,1
-119.59320808633493,-120.93497026764169,-127.96385620477731,-130.52531186745676,-132.37003201698676,2
-118.40242983918573,-121.00308471071718,-126.94570026123085,-129.46298520283727,-132.5192944400248,2
-118.77166798814675,-121.08725124183097,-126.6744212608199,-128.8322807077119,-132.45517677522386,2
-117.91668685651466,-120.55731885712967,-127.02016518170318,-129.44408899279594,-132.43843431789594,2
-117.82795822793729,-120.36314207462095,-126.31566349306982,-128.8604993621882,-132.930963426399,2
-119.1948097769362,-120.7693814730629,-126.82534294459388,-128.77290819091513,-133.3124175133864,3
-120.07835666452526,-122.83141959190905,-127.69942455675529,-129.87126846396745,-134.1468189240144,2
-119.23433503898795,-122.41552898959236,-126.51908808459365,-129.73546893591947,-132.82445849387534,2
-119.24804868148159,-121.99505215674475,-126.62117937084776,-128.04321505071246,-133.29140947322637,2
-119.45974927067108,-121.56442280224628,-126.81525341983165,-129.01153646659426,-133.8856049127199,2
-117.83764427721925,-121.42855148853924,-126.2525689815482,-129.23384841310266,-134.0534759941235,2
-118.05258788038931,-122.85587701596535,-128.1953135769223,-129.55044442893453,-133.88276759205345,2
-117.77260539337422,-121.30632734074068,-127.3651352396929,-130.06896861385147,-134.5076188117138,3
-119.05452373516275,-121.3793528491617,-127.08883004563533,-129.733218875504,-134.646627765862,3
-119.69496199822181,-122.71821870494415,-128.48007646999906,-130.22819247131045,-134.1268207900879,2
-120.71984161069167,-122.71182909082637,-127.14023005023999,-129.83041091291588,-133.20018805371026,4
-119.40184433869032,-125.27369178928683,-127.5651275558704,-130.34030722880527,-133.28954980382076,4
-126.50649474924649,-125.9814600457482,-129.10150172803313,-131.502295543554,-133.2066565040106,4
-124.06819576931734,-121.55324687326925,-125.37595801061082,-129.41888784874376,-131.7965033603733,4
-120.70621975667113,-121.27486452928437,-127.20976705138808,-130.09587032148139,-132.5746981042975,2
-117.43947346421335,-117.886892070123,-125.00334181380798,-127.59974874106064,-130.5834081326438,2
-119.93437019733497,-121.33878312516177,-126.96295617297875,-129.54164123363694,-132.83803336195396,2
-120.71858925793927,-121.97292790835043,-126.75636742301907,-129.3483831767678,-132.68436285410078,2
-120.07877300761436,-122.73948838104523,-128.96478148171266,-131.11996766301021,-134.48147142535822,2
-120.27292279676486,-122.5982415919402,-128.21896624067372,-129.76020808450812,-134.63214702938902,2
-118.66815124385,-122.10050668134622,-128.5612350084103,-131.09998897294847,-135.93062697647616,2
-119.72242735627438,-122.414641930177,-126.56044389427579,-129.44706423768866,-133.16303451427817,2
-121.23325652643759,-123.17656601696208,-128.48330757095232,-130.09655813230017,-133.99154937678853,2
-123.12958842746501,-122.8517803713489,-127.29239714881177,-129.7384077297192,-132.66262418781633,2
-116.02269405053832,-119.99845279697095,-122.40533702877715,-125.73778656016164,-126.25528253727774,1
-119.52520233540177,-122.45439434795873,-124.72005915313078,-127.13010033122353,-129.77623947962155,1
-124.08139227049236,-125.03673520302868,-128.25465300099597,-130.0951720160102,-132.7010701312631,1
-123.41098139302053,-121.9904497045456,-126.56654278682419,-129.6581187857291,-133.1466141426148,1
-124.86843154827791,-125.52543116551568,-126.41759837342401,-130.87522011247685,-133.521799025537,1
-123.37219488875267,-124.00789937252877,-128.05587023710504,-131.31032883969064,-133.0035985189077,1
-123.84904132672209,-123.77768268462394,-126.91208917124467,-129.97060876675462,-132.78212483259674,1
-120.8803506042984,-123.09733872530228,-125.26858906295935,-128.76573732276944,-131.82197517312477,1
-118.91263692205678,-121.6575936467653,-127.01819435812112,-130.46748255045162,-133.0978204462472,2
-118.56991203879086,-121.51668147133545,-127.73876578785202,-131.28188171494696,-133.59065828340536,2
-120.61584377724888,-120.85213712007,-127.92272115616142,-129.63434039070393,-133.21659807841772,2
-122.13761846949187,-120.5434615459879,-126.87169952833986,-129.87477953198652,-132.6627926504311,2
-123.95554504863331,-122.59737148365544,-127.65401438056989,-129.94344501640256,-133.15525153157506,2
-122.33015426379828,-122.40697009668345,-126.14643987220136,-130.2827432995704,-133.09195479642992,2
-121.23424890348932,-122.61500438604779,-129.94285825408525,-131.82177768427707,-134.91476890658794,2
-116.0611571064348,-121.71467536193352,-126.37273139490239,-128.77774216379692,-130.76063740729455,2
-121.78382694539889,-122.96819737552148,-125.80050926278503,-129.77137084373402,-131.35502207756073,1
-113.47467873534613,-119.7635456951051,-125.47681890570354,-127.52671002536447,-129.80853965321137,0
-107.87561335091809,-115.81814971814022,-122.23948094792927,-124.26040982195339,-125.57963305200191,0
-117.42778191084669,-123.14836267483047,-125.4975381308169,-128.58378841192464,-132.06818342899436,0
-124.11968335832724,-124.66558937720828,-128.98218041889297,-131.5743786954928,-134.10839691977344,0
-123.75031087521204,-122.15173480939679,-127.53272483235041,-129.62094386161522,-133.64889353550132,0
-124.1491100318853,-122.40691169510004,-127.0878214712137,-130.46693529477352,-133.98563067954157,0
-119.50803378687299,-120.35965288963519,-125.0373973955801,-129.00735005025936,-131.4101176244148,0
-123.25767199993338,-124.45126824847115,-127.4417533387232,-131.465820001369,-133.9665611214353,0
-114.78273729804886,-119.81973336272239,-123.07432170901623,-124.46926988294989,-126.24720970802524,0
-109.25988654848845,-118.41821208797525,-123.30492682018341,-125.5494361927364,-126.29458814070686,0
-121.65602341585601,-122.56339967537262,-126.69974284024363,-129.98807034889722,-132.8037489893833,0
-120.49885076651255,-123.17922388357609,-127.13121301873521,-130.2164589222463,-133.4634053012069,0
-107.67826786870675,-116.16564137900818,-120.55385918521907,-123.07022182083173,-124.12019103053058,0
-120.68160197556165,-123.41576457110344,-126.41120200510443,-130.4182808649189,-132.745294169395,0
-120.432467453533,-123.71933724107613,-127.49143887748554,-130.58287844347407,-133.08834142219294,1
-119.55791466743709,-122.62234659521341,-128.65300783904522,-131.65408965880994,-133.1496194477702,2
-124.14027844334343,-124.15880357803643,-128.90758458517206,-132.45035158312137,-133.15735493202445,2
-119.27842240204228,-121.96497328796048,-128.97119969663703,-131.96851097775414,-133.86483881670338,2
-122.72056499974855,-123.6499990829071,-129.5892513853907,-131.23171729125227,-133.90601788354428,2
-120.75169612489347,-122.497154739222,-128.8662574091148,-131.51840132757061,-134.10042222657268,2
-118.81811932245294,-121.7236605672719,-127.94307239134216,-129.2117042339979,-135.69288470233462,3
-120.40280527357626,-120.52265368838937,-128.75799841200575,-129.75622989804725,-134.88707162418922,2
-121.8933162310317,-124.01941062689778,-130.56152930376223,-132.65918510086647,-136.2500174689318,2
-121.37838218924806,-123.36917550708644,-128.84311976167325,-131.15121857181686,-135.75010094933032,2
-119.05256995448137,-122.3797424676271,-128.98175762671838,-129.2120660176816,-136.28681081515444,3
-117.7969144690563,-122.32582910849518,-127.87604266917239,-129.6285426254268,-135.372677389688,3
-120.44974673254333,-124.22453275262461,-129.69126766780033,-132.66629800316045,-135.85313605055043,2
-120.55945732107514,-123.16214647241185,-128.09506679147182,-130.4575200626482,-136.9500266979287,2
-120.05413547158066,-121.7559678999863,-127.78412683184185,-130.24093539452628,-135.2184968767022,2
-118.77644421006447,-123.04419488832097,-128.2382643317376,-129.88036634203385,-136.38854658102053,2
-121.52129455595136,-123.46273015743772,-129.02784381701994,-130.83387468762112,-135.17875591014175,2
-120.50486124967087,-121.82749208869834,-128.60909638283906,-131.25583097168786,-135.46448002764788,2
-119.86538418056605,-123.6834078013164,-128.4936325857311,-130.34189353598407,-137.03366155799543,2
-120.18671733639553,-123.49106351810029,-128.91512049387643,-132.5837785603173,-137.6762387622279,2
-121.70041674282733,-125.20054600522934,-130.721110871653,-132.74306592859577,-137.76802666043622,2
-119.45943875877397,-123.55906245325345,-128.77004071790404,-130.62771733560683,-136.97413785852083,3
-120.18757477454544,-124.19538193428008,-129.74989756356743,-131.617966050547,-136.95023893172035,2
-119.8679847148925,-123.35545153183548,-128.7836786286541,-130.59029455835733,-137.27695542292312,3
-121.19381022505108,-124.10843747000443,-128.1027156931615,-132.1693723680681,-136.38007242769353,2
-122.30075397733424,-124.29704536247391,-130.00926602729817,-130.9684042660237,-138.24690545459822,2
-121.78614823335182,-124.7599359964864,-130.144157497241,-131.04448440070968,-137.2754228239262,2
-121.19425008023133,-124.81475888587448,-130.16412266954282,-131.44896010248112,-137.39243795714052,2
-121.73842953979869,-123.28943066729698,-129.0326711876844,-131.97181800158708,-135.734526610629,2
-120.27022814159676,-122.90169714204691,-128.91835824458792,-131.18885344602882,-136.40918389413937,3
-120.57354214384715,-123.26062288934823,-129.7625898536877,-130.62628543987017,-137.13976144484937,3
-123.08127100955157,-124.41683154255291,-130.37644401900394,-133.69771708198715,-137.87706824101693,2
-117.67017634376782,-121.35045083657054,-124.18462022838234,-125.8799337475583,-127.50592539481713,1
-123.51845465884158,-124.3057913443572,-129.5787933740317,-131.7190237671951,-133.55757740823398,1
-121.88779444308597,-122.44626200433049,-127.99957647512618,-130.41773834704145,-133.9591992061824,2
-121.15661546976139,-123.1479020272531,-128.784111767128,-130.53320016129211,-135.17136789073567,2
-118.39974843548453,-119.72974880588252,-123.96534311901407,-126.79293842622491,-129.2064100801256,2
-119.77340559705344,-123.87821399338863,-128.40141045912236,-131.5635286020447,-134.79185486888161,2
-120.43716885226783,-123.08816310008343,-128.1865289184369,-131.64827016092815,-134.8821379620916,2
-120.05713717419543,-121.34213287261117,-127.25955355948048,-129.55415893246857,-135.5389070840432,2
-122.6167015161587,-124.53151174962213,-129.436131667267,-132.60720894956907,-136.40314374494912,2
-121.63937527329546,-124.28079090974148,-129.00763912712037,-131.90125351163368,-136.67020400970824,3
-124.10073146022178,-123.94470849084448,-127.65006659548935,-129.60241371468047,-132.3834670705463,2
-120.87315249472601,-124.03690427275546,-129.5669647937167,-130.11861291173264,-136.10058802397842,2
-123.05066619303688,-124.40040504698838,-129.93847755501906,-132.45511781357573,-135.33271374485977,2
-121.23370495637994,-123.94291291839983,-129.86400633184638,-130.96085025584048,-136.30223308369807,2
-122.40176865657658,-124.76766013113371,-128.81925507679196,-131.34005684680292,-137.222207379815,2
-122.45573666702359,-124.8684194708268,-130.14991413079485,-132.10039423904743,-137.32040699225888,2
-122.44292047934876,-124.96864499934793,-130.22058137187832,-132.55468627857275,-137.57185634582808,2
-121.75965957674096,-124.30013446336041,-128.9630772084797,-129.94882863211097,-138.0901951280815,2
-120.64581557861457,-124.14773270916474,-128.28848867015284,-131.786013247419,-137.0420044806727,2
-122.0853673993538,-125.87082161014777,-131.29559414100757,-133.41595131405188,-137.6328982251349,3
-117.72979925803386,-121.84017255754242,-127.81237170295181,-130.12034228791126,-136.62358824637883,3
-122.91298812005526,-123.88762797929458,-129.46072353278282,-132.77846341485463,-138.0071733828737,2
-120.29018547206832,-123.25043897977505,-129.39272077117042,-131.81281878792748,-137.81723874162637,3
-121.62969515949743,-124.4570031230214,-129.95814616789644,-131.526617446555,-138.8468344655631,3
-120.53619496366727,-124.51799556440916,-129.2644199717725,-132.86157829530782,-138.2235843287667,2
-118.92011187449361,-123.68667715201346,-129.22301759410126,-130.357042539678,-137.74906840320182,3
-113.7645565802048,-116.55330764826577,-120.13396436606834,-120.91476733503785,-122.63604206244158,1
-122.29858358337981,-124.08809536358473,-129.05358290015025,-130.17477872102583,-134.38520632684688,2
-121.86737754683564,-124.02384380555992,-129.14883984921804,-131.70241311411445,-134.2413678004819,2
-120.1111748170366,-122.76486080931916,-128.26409715463606,-129.68737790258078,-134.06102736435622,2
-119.37736933924144,-123.3580053066443,-129.16863566671222,-131.34756827372425,-135.52457128580943,2
-121.63055319945673,-121.67064208982174,-128.70626197718087,-130.23356350471764,-134.81989851897382,2
-120.66418101612346,-122.41352901405033,-128.61239771021533,-131.19704795396294,-135.2133858097392,2
-122.07124639815964,-122.99738793689167,-128.3336389902279,-130.9116983379008,-134.7982701034308,2
-122.36906241606317,-124.84394558965133,-129.74250280644682,-131.32765950168758,-136.21691841597737,2
-120.9076182490735,-122.53379073763449,-128.6532360885622,-131.59171311569804,-135.14081788140462,2
-114.46340909938499,-118.49410380604617,-121.99705120575773,-123.51087423426085,-124.8308531815728,1
-121.62736321447164,-123.51217008298214,-128.41722150543063,-131.12995256360074,-134.09206044315667,1
-120.74326602411097,-123.48824168988762,-128.10027918095687,-130.0708656939244,-134.82876114223757,2
-121.05325424483955,-121.73043804514924,-127.87806539691452,-130.39264105973334,-133.92401547919263,2
-120.79059319338992,-122.19831669338645,-127.879862971997,-130.5384675292449,-134.4668323654044,2
-121.40143497176362,-123.78315178001333,-128.4049674610899,-130.55911320844,-136.58312563382088,2
-121.05690233944456,-123.76512828921676,-129.60080949234427,-132.0467952891362,-135.9399331870397,2
-121.46855444868991,-124.0588522516057,-129.17773080163505,-131.59976739120722,-135.73373385756153,2
-118.70440028284968,-123.37094314130331,-128.30429454383736,-130.26238930758947,-137.02189777989167,3
-119.28470249691632,-121.7648048731337,-127.51025570946757,-130.0899856677241,-136.1879776222418,3
-123.19548931062867,-124.82396092757169,-130.75062320768384,-131.00400805301126,-138.38606357586164,2
-119.40908099861988,-122.69957419852886,-128.12014952178666,-131.2169121008807,-136.7110758327014,3
-120.59868969499328,-124.03910123998243,-130.25422602647305,-131.50022503162393,-138.43570695157592,2
-120.80388859160315,-123.72360701659645,-130.63539166226406,-131.1983339533164,-139.12170470536586,2
-120.67098915418143,-123.64272397302257,-129.83656649601338,-131.62201560680694,-139.3510718929734,3
-121.1163208829717,-124.23964500804287,-130.63312043127243,-131.7526296198282,-138.68407089818697,3
-121.42715641714774,-122.81021845743591,-129.5936414597197,-133.31676316622486,-138.14171389431303,2
-119.45099297261322,-121.83429899493122,-126.49145367639628,-130.1861511217192,-133.19821576685115,2
-116.49489978069825,-124.95159000850451,-131.08808261179172,-135.3888363216598,-138.33266458146042,4
-125.64309018707549,-128.5823299462842,-132.46086284188414,-134.94727195342182,-138.394157888973,4
-123.78049166284778,-127.46561957165454,-131.85247437645137,-134.6877108162286,-138.8418158424957,4
-120.24350142528219,-126.29598769002041,-131.23657384038282,-132.7832228812394,-136.35813504814595,4
-124.76791730139466,-127.82990461124744,-132.52363716834327,-136.8044340153725,-139.4100529633878,4
-123.96711022591434,-128.20784570476684,-132.58791622397507,-136.35513375228058,-139.151435151053,4
-121.44438527673603,-126.5768468284922,-132.05916368157023,-135.69148074702323,-139.19366562347858,4
-122.13670557265186,-125.73743237427745,-129.95425564684007,-132.83899791033159,-135.56578022984064,4
-122.4903954107081,-124.64448420446128,-128.11172240908937,-131.7118978819827,-133.40642742283154,0
-120.40321028691005,-123.97280192687677,-126.58786475470329,-129.2171199886776,-131.3209684993705,0
-121.54338231949046,-125.16938810304644,-128.2545252124239,-131.49756403090103,-135.23328626375047,0
-122.9285201111817,-125.84096163942273,-128.72549004323986,-131.35136428325862,-134.7141028166296,1
-116.367799917355,-123.64325374619831,-126.4505485692331,-129.71754607650345,-131.13139065298816,0
-123.66067966696117,-125.56427715550834,-129.50972781832905,-131.76897619286922,-134.09594358803932,1
-124.81708843048715,-125.63403989095367,-129.71233042157147,-132.30711929666822,-135.1570748072308,0
-124.11783576390742,-124.71561847097263,-128.72912867606004,-132.3840394828664,-135.56384940707306,0
-118.85740929379129,-123.15229680682815,-127.15076509201796,-129.83583024004975,-131.2009377146007,0
-124.16981648220862,-124.61674029745475,-128.5199649198148,-132.11884980808532,-134.70126704434068,1
-123.50655157420034,-123.08335928105924,-128.64535682988335,-132.22472270945275,-134.5717669632433,1
-121.01020016769641,-123.27978499379111,-129.36804940000502,-132.33601114299023,-134.63174342935045,2
-120.51098129503148,-122.24794505160303,-128.59311795426066,-130.90274550710555,-135.73506763910257,2
-122.52345076626581,-124.469542352004,-129.73445401272238,-131.55758183066058,-137.15118332803954,2
-124.04400610806826,-125.44467779405177,-130.5780136457864,-131.88361614098554,-137.68459626795592,2
-122.97230084806017,-124.4748811757603,-130.4193418572788,-131.46571780282258,-137.59119789075126,2
-119.14668089409864,-122.39656238635234,-128.84847178860872,-130.96881802918784,-136.1198227366163,2
-121.68241447939683,-124.1735347518005,-128.956716032335,-130.9798293765448,-137.53892614301827,2
-123.14543703621446,-125.07688032353694,-131.00418785011394,-131.509143476864,-137.96865348050753,2
-121.01304384660678,-123.7488271185576,-129.76069764683885,-131.3181212039997,-138.12783436621456,2
-119.57883919164561,-122.97754846824239,-128.44929788368995,-129.53146392110742,-137.5851443596124,2
-121.8647183481037,-124.62038831331223,-130.4475237029853,-132.18637356264455,-137.52738771678452,2
-120.12522858997305,-122.99634983582413,-128.71102889197945,-130.88916818509762,-135.53159860933292,2
-123.47181494180515,-125.05751289257445,-130.54530013206693,-132.29436623569563,-137.87660889216662,2
-121.19597554859115,-124.49636419484162,-129.31111065908408,-130.5311325704239,-137.30083532531683,2
-119.6245206124501,-122.7345427357733,-128.78046711908343,-131.09774967314374,-136.41043069216295,2
-119.21867372013996,-123.56887440416598,-129.68260745512396,-131.94092895503354,-136.72957338763166,2
-121.72336243987405,-123.82800820919411,-128.83779819230824,-130.0447116460836,-136.71384930912026,2
-119.81892486076877,-122.47857687067363,-128.17768720204276,-130.9954586507429,-137.72147772855942,2
-122.64714640251628,-125.0342666437366,-130.32832782998074,-132.15219553560067,-137.49790291111523,2
-119.64606368738127,-122.09772790570274,-128.27599640839924,-131.88792690334387,-136.69852592826896,2
-122.61158218535252,-125.28225023654704,-130.8908055077853,-131.9131945399847,-137.86366361256546,2
-121.4520799601904,-124.33855701282384,-129.68706860247588,-131.5710221862151,-138.20953318372753,3
-120.47185985618036,-122.17702364440636,-125.9342111022995,-130.58385783407473,-133.05551543701523,2
-121.50387285503676,-123.8053897852971,-129.34450363806215,-132.5391694733064,-136.61719452793034,2
-118.97594225178354,-122.71838115855941,-128.46036887125925,-130.80746056688625,-137.42803170776105,3
-119.99918370827741,-124.37377845700603,-129.64521214287234,-132.3266955275367,-137.4716953542593,3
-122.045656562477,-124.78971661151806,-130.0422509419787,-132.1627020109366,-137.33313984506685,2
-121.00788084229728,-124.41956222403907,-129.74033117774914,-131.81685244442178,-138.3082317518952,2
-120.61388643062843,-123.89755656387712,-129.5152035601225,-131.3057758274124,-136.8289352567732,2
-119.42041961770937,-122.7883262709013,-128.24590696826206,-131.7136450050624,-136.4517627279783,2
-122.83620530603217,-125.68627754226304,-131.33444768145753,-132.63595036069796,-138.5036159687474,2
-120.41167528292206,-122.5354332930039,-129.28372578327333,-131.6649713243727,-137.18261933064232,3
-122.32011273515941,-125.33514277201037,-131.1710511894422,-134.26987302296814,-136.92074754089995,2
-121.10432813773883,-124.63656783675818,-130.02663486467054,-132.5831705536896,-136.24974901377414,2
-121.52554340812563,-125.03375451998221,-129.45098839919774,-130.28832905959302,-135.40974176901008,2
-123.00219388852051,-125.3271094997654,-130.8819364525971,-133.14002771361945,-137.28209885051368,2
-120.45215910152668,-124.24229181653344,-129.48902428501793,-132.07254003442392,-137.14811528228097,2
-122.45646839801651,-124.96062246179875,-130.57826804960723,-133.4064235110602,-137.03402444452925,2
-120.96717684195035,-124.75648513104652,-130.1009841561433,-132.28952110428324,-137.04481897298882,2
-121.50254480602698,-125.15298915872562,-130.79244820043056,-132.21808584471432,-138.8056791513668,2
-119.88433477315999,-121.9214765878994,-127.69226621766819,-131.84055247733033,-136.92863302726036,2
-121.50025265791353,-124.6859265678377,-130.07003401277117,-131.6098958445968,-136.78344741679894,2
-122.38551117885369,-125.41881149805138,-130.43862691361343,-134.45755103370402,-138.81849828314645,2
-121.90517739742111,-124.13445444294275,-129.8907768998276,-131.4719770091764,-136.5071546896922,2
-120.33922322462996,-123.35056087059571,-128.63308175344926,-132.05671341526406,-135.5307513564092,2
-120.84297754131907,-124.05156518578798,-127.51665684901621,-130.34687328882097,-132.3664151368493,1
-126.31032911091074,-126.5826829833033,-131.1003438905628,-133.34504279549253,-135.52055272525803,2
-121.36638513554314,-124.69216840005893,-130.09445240867242,-132.8582579538803,-135.72920950279396,2
-124.11257771559222,-125.00953673500167,-130.5047551415174,-132.5937718159767,-135.17973846636116,2
-120.5496567799711,-124.5514354971086,-129.59047566113657,-132.71475070717406,-136.33530230205136,2
-123.46294663839909,-125.16974219990286,-132.04758736684425,-132.64895470828404,-138.3913544700034,2
-120.88192649775722,-126.01553629810616,-130.89423905024,-132.40678421369805,-137.51356290550464,2
-123.29763144140406,-125.65371172596909,-132.28845941595583,-133.47602183657804,-138.62313369090117,3
-122.82354596486617,-126.33417165455653,-131.55419002822595,-134.09984611004595,-138.60276667768417,2
-122.69518171806438,-125.07875376944844,-130.40379347536262,-132.7956426730925,-138.07602539342716,2
-122.03576729363245,-125.36027460617544,-130.16536279935934,-133.7858246536992,-138.43690941082713,3
-122.84600283437035,-125.09837530655271,-131.0658552988447,-132.69139406853998,-138.93301808189815,3
-123.31396238328333,-125.05247586165288,-133.41054624793753,-134.25423426523417,-140.24698973622728,3
-121.60397867775767,-125.51442625853281,-131.07316294620804,-133.08602751585238,-140.16814964936373,2
-119.40681107799256,-123.85667419207691,-128.80150343237042,-131.4115336270426,-135.87913004140074,2
-118.4131019889638,-123.29702702677008,-131.15668255756125,-133.49510456351734,-140.22891998854985,3
-119.5344887701205,-123.16941228678519,-130.99768994579145,-131.9545489866729,-140.58932110150488,3
-119.42489852871857,-124.86280937495204,-131.52750931570128,-133.5500310183437,-140.95254935066416,3
-120.85382410948162,-125.4071693278109,-131.28367126976892,-132.81444913034906,-141.32189396139074,3
-120.22546625171871,-124.65066466137282,-131.8709759636571,-133.66860574273397,-140.9275787186271,3
-120.75568776673428,-125.19019037554885,-131.26961739684324,-133.88505605135427,-141.11965311351292,3
-120.361830469998,-125.00569996587826,-131.37300225370186,-134.44925720792523,-141.042979072002,3
-120.61147985103267,-125.05902820947516,-131.7700607855442,-134.09087693796565,-141.9978230169434,3
-122.1174163175167,-126.04055536434566,-132.41853426804917,-136.09483046819872,-142.09433505403132,3
-120.84509028589389,-124.99977891470276,-131.57839313698696,-134.08653547390406,-142.45060337110783,3
-119.04908538056607,-122.86055831232854,-129.03229740115782,-133.35066064941836,-138.17468915448106,3
-119.7869889327522,-124.68414945911073,-132.66523896406764,-136.21142465935355,-141.60446831485763,3
-119.63951477056384,-124.73362994225218,-131.7411822004018,-133.42998261191906,-142.26423086451356,3
-120.9149948135626,-126.07602756703714,-132.35709700400423,-136.02200441455932,-142.3308506324756,3
-122.44770439775343,-125.97846885292493,-132.3511094007318,-134.53511653617406,-142.42814330308846,3
-121.17471749676243,-126.11658329064704,-133.06995786934598,-135.0640329912258,-142.46860896008405,3
-120.58681520885763,-125.53848438150466,-132.12123900485915,-133.2250579459946,-142.229756408845,3
-119.64676368390113,-124.5535708036471,-132.03169348893653,-134.98948651386718,-142.03964155133158,3
-120.07455174685815,-125.42428818025168,-133.58573795229825,-135.8169058961766,-142.55389177538368,3
-120.51876650931926,-126.1734426876007,-133.1710493187827,-135.7433170256775,-142.99670381064388,3
-121.28365012901827,-125.4048030212987,-132.24148297232634,-134.87037131311698,-143.0604338409031,3
-120.0720493626983,-126.0791782520281,-133.5405606850002,-136.5513846072381,-143.16660049685407,3
-121.09469589641938,-126.86454542898197,-132.03243674313876,-135.73925745141298,-142.92816969411896,3
-119.70421218232498,-125.49512590341689,-132.7317610401767,-136.03151431091928,-142.89026472700894,3
-119.30807018351813,-125.25194278609165,-132.44304996419618,-134.51423599251484,-142.64940441793885,3
-121.6857768782752,-126.3693476245284,-132.35041769818403,-135.76432358043272,-142.64829541666202,3
-121.14447301428612,-126.4192699551442,-132.61835500690145,-136.11327047257325,-143.11528850261672,3
-121.18454880210766,-126.13466121387714,-132.85806710715647,-136.94675158833786,-142.96931554501765,3
-120.95044208701756,-125.6845824922983,-133.3517266796575,-135.56162545481928,-142.9647530553314,3
-119.3747809025693,-125.32549625341636,-131.7824994625976,-136.43069464258562,-143.29845542485407,3
-120.96337376802312,-126.01948051753413,-132.61458550267992,-136.65790208181676,-143.4356152866208,3
-121.19176902758429,-126.13830784490057,-132.86857247418263,-135.9648895411888,-143.27285403225252,3
-120.50657624562952,-125.62354011915616,-132.1938849387683,-135.90071230774058,-143.53498198775,3
-122.27571129762222,-126.35136999451468,-134.1742749565631,-137.3862606531159,-143.55751709585775,3
-120.18146749793408,-126.38490487538434,-134.55520510643166,-136.47796910926354,-143.53457052209671,3
-119.31260427196477,-125.70565830522985,-132.76980111860973,-135.45550548250324,-143.3514411535556,3
-121.3151191303075,-126.90449345306013,-133.74347993812242,-137.16673093686242,-143.86856677132096,3
-118.60394256156242,-126.92265988047673,-133.01624680167703,-136.37201353772235,-143.2001703460739,3
-124.84409323990025,-127.76284125601701,-133.50302007615963,-137.52830879037484,-142.66906768825018,3
-124.26838970841258,-125.76664382140929,-130.44703841978586,-135.0792201992157,-139.8246800837504,2
-122.1739815085239,-126.78835458003648,-132.26722811240845,-135.67262164203564,-137.40387634247222,4
-123.01748018716245,-127.74364556371995,-133.62997910028665,-137.55162005453997,-142.234954850678,4
-120.24252062057502,-126.59731781762868,-133.85197430920923,-137.78889344380846,-141.88085932358055,4
-124.50560796956016,-129.8479434629197,-135.16822754993777,-138.62982681357772,-142.45071360666722,4
-126.25336911451284,-129.72332877320156,-136.04700112770942,-139.114364400003,-142.64621543790804,4
-124.28229706936742,-129.47139453897628,-135.21124484431002,-138.47665666441864,-142.8535063000287,4
-126.07501242527653,-130.43579253846065,-135.6033102265963,-139.03304290720314,-142.58955374541358,4
-122.72075180628998,-126.91218228149751,-131.3318884250538,-135.38129058122988,-138.75913825597004,4
-127.1865677710094,-126.70323159749546,-132.11419346468716,-136.88552635892103,-141.20475181155973,0
-124.21507925912412,-126.44822837470414,-129.36821312526044,-132.3446117536444,-134.5219222414977,0
-128.51940874123608,-127.97843386709634,-135.34582234651575,-137.85312424970647,-141.84799106614585,1
-125.33581964869582,-127.83180097054009,-134.94060600246394,-137.143427682684,-142.70745069345966,2
-124.9114405908939,-125.3239017275993,-132.85739218214718,-136.51860921555152,-141.64717890634353,2
-124.83642915153557,-127.77267562301617,-135.93564638657298,-138.93353686951846,-142.90674132095276,4
-125.71910081955295,-131.07745898632464,-136.37923252723738,-139.95141340061554,-143.5861015111655,4
-125.2798643863153,-130.62547683372196,-136.14306027434938,-139.29835341509096,-142.67626175655946,4
-129.319479236612,-131.94463595786567,-136.99366976893742,-140.79669725773294,-143.49572210244915,4
-127.95861831104271,-130.1264157279022,-135.7252304001272,-139.6363663772139,-143.8951957839429,4
-127.28489626830917,-131.71742051157827,-137.28672525022026,-141.49075561448814,-143.9582058386342,4
-127.16751189908197,-131.47428858517716,-136.76023966504363,-139.7467025162491,-144.20481386225336,4
-123.48524026762074,-130.1649543606178,-136.93652744244295,-140.6416602832923,-143.61810495896157,4
-126.50310740801618,-130.6025131326334,-135.75673758492687,-139.88662579953908,-143.60518515677103,4
-127.5633486476394,-131.99862100700173,-137.6703342091434,-140.25105554659035,-144.83955523466872,4
-125.93822786326976,-131.64201862159106,-137.3774140500274,-140.69572974139248,-144.0991208852838,4
-131.26489785148607,-133.87021455633553,-138.42782168325252,-142.55544907566312,-145.83548779105652,4
-128.81239326040972,-131.27724789033383,-138.28861697390164,-140.74794328483605,-145.91803918120394,4
-130.52650355609916,-134.60691658994975,-140.36698324405523,-143.77521000406114,-147.27169269433048,4
-127.33778011257289,-129.33409640893464,-131.98562653862942,-134.04870559305178,-135.24190921557002,1
-137.5095571600002,-137.9969305141446,-142.98859790793833,-145.84381659420166,-148.5610986967816,1
-129.9461467548121,-131.85019217079926,-137.1820798656558,-141.3258265096949,-145.73506439893723,2
-132.02742460355896,-132.49027556275988,-139.02331705567605,-141.26921311425102,-144.4485772364432,2
-130.5642472366956,-132.27652376146065,-137.6662565134729,-140.6185003253279,-144.6218779636906,2
-128.53214716101766,-131.02815802831455,-136.8770255912304,-137.31177095404612,-144.1059984336182,2
-123.06180981527544,-127.56223368459652,-129.81498077105078,-131.98841578935932,-133.1718197752532,0
-119.6865635276615,-125.26887410622797,-130.8412517485269,-132.0316992392672,-132.9113359396703,0
-119.41052761479044,-124.42124942655988,-130.70483166394988,-133.6174692802409,-134.99383071151706,0
-118.70353951364099,-122.56930341831914,-126.85021978588355,-129.86071844818554,-131.14813819322626,0
-114.84863581725743,-122.7569762121266,-128.16098171887134,-131.6336176683483,-133.2151953908636,0
-116.76923755423215,-124.20070017719469,-129.08696085768642,-132.0471552381497,-134.64629402012812,0
-127.89951532343133,-128.78972718215417,-132.8703478095529,-135.7775815829703,-139.08862987362878,0
-124.20417263469393,-127.90329459724423,-132.05741117608062,-134.98176089696284,-137.77153581898565,0
-116.11014831633095,-124.37557190640231,-128.93060074401254,-132.4578804290232,-133.8129700359453,0
-128.48318607610628,-128.82721602285517,-132.3764816381527,-134.73193320031478,-137.8562260359356,0
-126.2551033781203,-128.2906429332149,-132.81774173932502,-135.24991301824156,-137.66292863074875,0
-129.31813065161325,-127.85993826242569,-132.99946840280444,-135.28597103517643,-137.75423619457916,1
-125.52641860337035,-126.5526525862076,-132.0890655087885,-134.05054101896542,-137.52541095146873,1
-124.47620093080334,-125.65482226614739,-133.4987163498616,-135.51442629427643,-138.34869141682424,1
-122.75187306820571,-125.07931331276438,-132.60665086183576,-135.24923433101537,-138.98869328662983,2
-123.93783322989682,-126.00983987248475,-132.98850652250073,-136.10667116232284,-139.25393071387975,2
-122.15646078836666,-127.2660960177698,-130.2217095440737,-133.89809811382267,-135.73272705383638,1
-128.2877131870871,-130.04398106634434,-135.6749942782076,-138.00697885719802,-139.87247142398968,1
-123.87529133974877,-126.680174149652,-133.05413167960674,-136.15119147463056,-139.46932439556505,2
-126.15594731607464,-126.3011603979465,-133.70862469661765,-134.95059739875043,-138.8659438051361,2
-124.60050473815625,-126.88868031436846,-133.25322787737457,-136.9860631389091,-139.93484474637248,2
-123.61919168971846,-125.95625513223565,-132.54181561038249,-134.47291744384205,-138.95717217933353,2
-122.72177322325705,-126.38698321114475,-133.02953447789812,-135.17715207868204,-139.91245499141016,2
-122.67267497294837,-125.50034223160712,-131.87297075153856,-135.13639282806,-139.49298856413006,2
-123.45323294376746,-125.9695656270934,-132.3541136254049,-133.01398665617322,-139.45912649673318,2
-125.080602837767,-127.38693418484094,-133.06468151192672,-133.11262542342337,-140.3521946889538,2
-125.5940622726185,-128.41708386329245,-133.56733005937974,-135.72812858516554,-140.5556334787126,2
-126.41759545194714,-129.1457063837236,-133.13082838681987,-134.99280933898865,-140.6911381826443,2
-123.53388750286008,-126.77732778801335,-132.98686366254267,-134.98078744801853,-140.247828700811,2
-125.46171687684581,-128.56894664130934,-133.8236056841723,-134.54388505657195,-139.96038110239567,2
-129.2371017817468,-129.57697223004874,-133.05226091619824,-135.3581962394119,-138.16780573178877,2
-124.96951558248247,-127.20969767832611,-132.4656155313792,-135.32827974499511,-137.94393349859243,2
-123.6270403551736,-125.15235864958314,-130.6891924385187,-133.20893128178642,-137.3510561754798,2
-123.73119990035373,-126.55500351099742,-132.93908568692535,-135.17399974862366,-138.88879743814007,2
-123.2735613513664,-126.54243500786046,-132.13845071105814,-133.52238943592923,-138.78712292390134,2
-121.2110194579344,-124.06570727171486,-129.79056499856972,-132.53765483070305,-137.3950851158203,2
-119.58298833877075,-123.19368029399976,-128.70732505217632,-129.85607431613985,-134.04857046127267,2
-125.22872115962679,-127.96312982114061,-133.48381079469044,-135.74369585343328,-139.80309160428448,2
-123.9330772528337,-126.85298477984556,-132.7715322812059,-133.98956860717675,-140.01755391788862,2
-122.59792227341941,-125.05292928833238,-131.37181604125445,-134.95765088580606,-139.59908218296414,2
-122.19507058916886,-126.14526105066571,-130.77124048030498,-131.78964389572943,-140.23860731426083,3
-121.9407790799137,-124.90587712512507,-130.997681867517,-132.98251782261846,-140.14140707606833,2
-121.9078692419672,-125.14101602150441,-131.7844614063642,-134.4882993681107,-139.79248456244417,3
-122.1912710408937,-125.93214209274373,-132.23406177952663,-134.03545324542196,-139.70080813760597,3
-124.05809949756507,-126.80704211256212,-132.27136807513483,-133.09812362845238,-139.95934804469348,3
-122.96446705123311,-125.65825949477878,-130.7217339391359,-133.92576580202794,-139.98885401751627,2
-123.70780044635914,-126.598961308992,-131.60777148369223,-133.86598974535693,-140.0856974487439,3
-120.63966506986286,-124.57164088996406,-131.2998170809485,-133.0977511468524,-139.36270432123138,3
-125.74374972598756,-126.57069711958218,-131.28978421932158,-133.5984303112043,-140.14341014471003,2
-123.90422391667377,-125.55202434160643,-130.71162827250186,-133.5059935135339,-135.91514467707788,2
-123.56690711781103,-126.04060393639132,-131.41285069578979,-134.19481996724795,-139.58359955512958,2
-122.21771291169283,-125.49260930497047,-130.69915152434615,-132.58254525649357,-138.2970097790635,3
-121.22381495164005,-125.39055279810431,-130.65176357800823,-133.43483837349265,-138.55407369483424,3
-121.32156931870568,-124.37000347465262,-129.63622651140332,-132.5240946374917,-137.09526469004635,2
-120.03791538014883,-124.10412252932561,-129.66383159641305,-131.983241980384,-139.0700895778803,3
-120.7122923394261,-123.75396545695908,-129.21388577381123,-131.58580233260824,-137.41370404123265,2
-121.8186196064375,-124.02676009559518,-130.02688380843256,-132.92686311570253,-138.29636499867257,2
-122.14897149767172,-125.71500162532317,-131.01627952346178,-131.97579608212249,-139.22435463255823,2
-122.31015176278889,-125.25187998623448,-130.78183635637092,-132.42473248039389,-139.05937033526203,2
-122.5606836571035,-125.61657898575034,-130.66740605371808,-131.75044657414122,-138.9357373745275,2
-119.43289984512998,-123.90353295637028,-129.5775203205677,-132.00786178385067,-137.98461862363783,3
-123.03942173177926,-125.2992035287093,-131.44023741450772,-133.53564913276418,-138.2635821314217,2
-121.61427119041272,-124.6031721857274,-130.7739609010681,-132.29202406292052,-138.5916775760177,2
-120.9141857698467,-124.05996541231931,-130.0806022627221,-132.11744998492466,-138.1212173027975,2
-121.89996007133021,-124.80835633610505,-131.39828492009215,-132.76558264801687,-137.86241229200786,2
-123.02462400163495,-123.6172372989343,-128.95310229469254,-131.51977447506502,-133.64635229963287,1
-122.98937226462824,-125.87732313976699,-131.47913470065794,-133.75225328968904,-137.00008007452664,1
-123.60724099345329,-125.01535558065696,-130.8596064274993,-133.73142770511302,-136.21093898906273,1
-125.2720193459447,-126.88412893731171,-130.18213028510982,-133.665222374431,-135.62797444612147,0
-121.1185195355707,-125.57688632646395,-128.59146244306908,-131.42042717403507,-133.58450636365978,0
-124.37924326828171,-126.92527490079556,-129.67823233662904,-132.68035710871726,-135.47737884984159,0
-122.77418826813874,-125.37719335819439,-131.13049820159344,-133.67764565647522,-136.3792198752193,1
-119.76418584221615,-127.17455510334304,-130.68956447494185,-133.15659099910403,-135.3936632962938,0
-124.66826182414954,-126.56220151938545,-129.86656640301885,-133.57826497584315,-136.26059011504617,0
-120.38496789595861,-126.29721833998852,-129.8885298900077,-133.07178218767675,-135.70694644934682,0
-116.39078665959555,-121.35644164958791,-125.01809275467677,-126.6635413261517,-127.54044054050787,0
-124.4285007720549,-125.67816948933607,-129.4172245628839,-132.02311590366838,-134.0564651600158,0
-125.448804796212,-124.63073830865275,-128.80430438938654,-131.4572221408209,-134.40220421884007,0
-123.17191471428212,-122.81967384108019,-129.3059024531033,-132.30879760106944,-134.52033540375677,0
-124.34837022014067,-124.61879597736291,-130.5857064858326,-133.74249385817845,-135.92577979301925,0
-124.58551227130023,-125.82980707863966,-129.92920835187684,-133.16110067086942,-135.71256986069102,1
-125.33123850423529,-124.69902565770742,-130.127897247538,-132.7367267903467,-135.88672828598405,1
-122.97639908705541,-124.75339781993713,-131.3971431499409,-133.8148406772882,-136.80522935870425,2
-123.54756396013845,-124.8094208786714,-132.03988535715655,-134.2779642215103,-137.1054294357282,2
-123.19014417735976,-124.27761069991415,-131.29715204363384,-133.91551819718202,-137.35443852554764,2
-124.25769086603842,-125.64883388228957,-131.77590362906474,-133.76788380447636,-136.6055431724242,2
-123.57232175626594,-125.66470369671309,-130.57988950496386,-133.74794020992374,-137.62501560957492,2
-122.09921923380747,-125.66847557077554,-131.30455979727176,-132.10235861652706,-138.5540470067587,2
-122.72256938538047,-126.04686356080022,-131.9336378303145,-132.06041709209603,-138.34004955714676,2
-121.12128039358839,-124.48702890747249,-130.08203631822727,-131.36420078733218,-137.02207320261573,2
-122.01947614150026,-124.41769886863747,-130.03465480941043,-131.79133363132226,-137.65345680870323,2
-120.78000974870169,-124.35141524324283,-130.07089939930378,-131.90861931722606,-138.54156452017918,2
-120.35333489481826,-124.60207344902044,-130.67919348477847,-133.64799663677138,-137.83122517593978,2
-123.40885998281051,-124.37639119051714,-130.864619172794,-132.32791533251364,-137.87468215711732,2
-121.40383661376823,-124.75243806724451,-129.94644247549306,-131.91895577788372,-137.79491604440022,2
-122.62955385027303,-125.52810956645578,-131.5684188701197,-133.95194184225195,-138.15102677489838,2
-120.85009274341392,-123.36596109855023,-129.2982345138885,-132.85572385502226,-137.19382990709954,2
-120.84638657957166,-123.13381408336322,-129.76620308580232,-130.33349738753958,-137.31670175846747,2
-116.2605044762092,-119.68229119474013,-122.0091070401809,-124.37562882008325,-125.3447995742402,0
-124.91442850885862,-125.10037330840441,-130.99481312246172,-133.82338505174735,-135.50421117215257,1
-124.83954181271743,-125.9529949153217,-130.65697916212144,-133.2274799135366,-135.82165850356327,1
-123.8558445484687,-125.10319306961664,-128.5304803842905,-131.64466498831146,-135.19391557657863,2
-125.50915514921293,-127.23970627881393,-130.45900111180933,-132.55006000734173,-135.0598439179322,2
-122.52872203766297,-124.55127862377725,-130.1806262568462,-131.01114506060705,-136.0002735890855,2
-123.20722811257069,-124.4378666364867,-130.4767656808093,-131.93287658931933,-135.0160881831048,2
-121.87666484453467,-124.59148262770333,-130.47057116917955,-133.4272273191994,-136.02298725857577,2
-121.12018373783592,-122.91138213980858,-128.47777411508844,-131.19865248424688,-135.7625643790553,2
-123.47190819848242,-125.90681683028643,-131.3311831538679,-133.11776981164502,-137.12751970213148,2
-121.55587695398756,-124.52774914006227,-129.41518396669994,-132.97194646091978,-136.2153927032698,2
-122.142972715903,-124.64805724348957,-130.2155884037891,-130.81701961223072,-137.10680627148415,2
-122.2267957669043,-124.06789583760802,-130.25409156184284,-130.64036942879068,-136.73689755677293,2
-121.44307900326572,-124.43364828047584,-130.43549091029092,-131.65596645112805,-136.84410282871283,2
-120.04796199627178,-122.8889553529276,-128.3686364154635,-130.97199866495552,-136.58104831185872,2
-120.89660305364553,-125.04057320366965,-130.38676835112685,-130.76199152913517,-137.57955366290133,2
-120.49218937834947,-123.60611361043809,-129.08510524393856,-131.9249079751706,-137.56839282568535,2
-122.45591853551106,-124.5158292926207,-130.34286092338203,-132.020375698733,-137.06480440803787,2
-120.91119447244286,-123.3270511290519,-129.06279027811144,-131.68933476000984,-137.6399258991706,2
-123.49534716884463,-125.0011246104053,-128.96137690754858,-131.62920272978172,-135.6804430679913,2
-121.68407250017219,-124.30473975108109,-129.4421573736046,-131.4611935024874,-136.80293513659055,2
-124.85596349100788,-123.29707490048003,-129.2902564405659,-132.17309560662736,-135.45870228658978,2
-121.81197664808694,-123.54147061593156,-129.91038369635373,-130.36393043345157,-137.500549772442,2
-120.11090121396377,-123.53106127915464,-129.03686867118483,-130.3285697261953,-137.07371006083363,2
-122.75748688209275,-125.66924396233685,-130.87401696254855,-132.03694924486166,-137.96270899014257,2
-122.33273872506204,-124.08784335288493,-130.97397542622932,-133.20683285301297,-137.0946075311637,2
-122.38577279200373,-125.2041011213522,-129.40146864934133,-132.21556644099945,-137.66291788265818,2
-122.21480661022514,-123.52257592708496,-130.32923429015955,-131.13756667592486,-137.57147899318034,2
-122.61577471688635,-126.22053035489131,-131.09038030977047,-133.3837646297752,-137.74226604351594,2
-122.95331884426113,-124.48307084351615,-130.1885404847684,-133.14365321043974,-137.85664367878024,2
-122.34876607797985,-124.28578362237924,-129.73786176299032,-131.55453504370988,-136.5977658205472,2
-122.11459860909066,-125.11394092571402,-129.85852203433902,-132.9538627183689,-136.5164904174076,2
-123.79952935802245,-124.87226570700778,-131.06254832394856,-130.92588828672174,-136.6465162365316,2
-122.13429016032069,-124.70273565922236,-129.3842693922522,-131.6903626119407,-136.42850244370817,2
-120.40616842010684,-124.12647178903151,-129.12665318648502,-131.87160544805417,-137.97488597152437,3
-121.29546336886833,-124.11371631103962,-130.13695576516815,-132.8164761808204,-137.15973924142327,2
-121.73945523044384,-124.87132364130535,-130.13700481167342,-132.48583242964793,-137.19730244237041,2
-122.72616613670152,-125.7819963142299,-130.4164079271695,-131.16411824714245,-137.62973640929403,2
-122.70160435559382,-123.46905459235609,-129.99949563751426,-132.3423958155138,-136.264741187882,2
-121.61483846618574,-124.67247803819376,-130.02006445767464,-132.15101497308663,-137.55778845769402,2
-121.05330929553068,-123.47909821162185,-128.76439774729357,-131.3195903659373,-137.67267241254515,2
-121.43253515630117,-123.91649265035491,-129.86814978735072,-131.92963436344542,-137.8606720811074,2
-120.21412016240079,-124.11669986130511,-129.01853937116172,-131.13502067801866,-137.34553756527197,2
-120.62465030193636,-124.30764841556689,-129.6887367311052,-130.97886553529582,-137.6007233994744,3
-122.83839525527206,-125.63690016456043,-131.0140983352749,-133.48958059872606,-137.74057513886746,2
-122.824238121744,-124.51467538766946,-129.9087158715211,-133.14753554563615,-136.87834540028672,2
-121.65346069786902,-124.27300001974365,-130.15472308926306,-131.81200378948435,-137.56517365672798,2
-120.74907798185131,-123.31553252738281,-130.20604239930603,-132.57108991601595,-138.01489388449778,2
-120.3949418303175,-122.76737676862945,-128.1383412977426,-129.35174343053802,-136.38422153195756,2
-122.42859256024656,-123.64355570737182,-126.96165891510725,-130.21722969605148,-133.688866222136,2
-122.84841710315641,-123.41630490116044,-129.05251023429005,-131.9727329319778,-135.83458008582113,2
-122.21995431537601,-123.21236856991072,-128.49761776163626,-130.99349060990463,-136.03412067621323,2
-121.71004793078438,-122.14745421795523,-128.24269452155534,-131.9416522080862,-135.2713846484433,0
-124.49479591561779,-125.6953602378005,-129.12062222488055,-131.57299213854682,-132.59069928952277,0
-124.89202083156219,-124.95451899792482,-128.52440143549504,-131.18539521885108,-133.33911189741409,0
-125.01995965667012,-124.25102527326582,-128.85800042324863,-131.87470052470317,-133.54286201515555,1
-119.35713311823591,-122.43857120863952,-124.46745886764961,-127.18318800592283,-128.65630313792727,0
-122.15405571928194,-123.36196573688021,-127.3114387875275,-130.02241030226406,-131.95113965900842,0
-123.97053013876128,-125.22415717624293,-128.26248940435832,-130.80546042087096,-133.67608140326303,0
-122.04470944968377,-120.7816686019366,-126.17036458518444,-127.09480222543579,-130.58318133663963,0
-123.25143951258181,-125.83654486612546,-129.50098986180697,-132.05843688510427,-134.5657662098403,0
-113.30030316831755,-119.13384962765137,-123.71992874710854,-126.0524256864044,-126.96886184274307,0
-120.34805973503975,-124.44349534855107,-127.36631478834425,-131.27753391589022,-132.90026616818787,0
-117.48945901731952,-122.19260431350897,-125.62807387368123,-129.83280161994054,-131.46518782486817,0
-117.51314794169335,-123.98435595747219,-127.7667614707149,-130.12849187167654,-132.73652889788224,0
-118.34008440559144,-123.12256563457618,-126.41022457645589,-130.5516383333867,-131.99256775783968,0
-125.31605243627116,-125.3380585631664,-127.96138958219493,-132.37716908601558,-134.7241253229655,0
-122.77237499401222,-125.35823965081786,-128.49670969061748,-132.03876289961778,-133.8623104937197,0
-119.67867559031468,-124.51537377008789,-128.4800957422644,-131.82603767761333,-134.56763046998694,0
-125.16846782575138,-124.2869848786016,-129.01666124534958,-131.45118462865548,-134.42820838089358,0
-124.35206390143885,-124.10603310785771,-128.4525220055541,-132.19978999540595,-134.54485848738852,0
-112.32390947067118,-120.8368878896292,-124.05189828437616,-128.08029632941276,-128.6215084989371,0
-125.72323616793186,-124.64972562937233,-129.7927409502402,-132.3607534036042,-135.086623053396,0
-122.31795213490103,-126.03666475065917,-129.83069594016803,-132.49983848158615,-134.81630521476464,0
-125.25803280560203,-124.31289171838031,-129.36193251844531,-132.6571846893441,-135.52815713280486,1
-123.94958805084045,-124.27754801396402,-130.09913763835615,-132.30319543979795,-135.20490916524773,1
-126.72335691058011,-126.44165054968839,-128.5062839046268,-131.15906435339755,-134.19629372266957,1
-119.27228896813601,-125.14421216915164,-128.37945635760673,-131.12216180120376,-133.5776152960096,0
-122.86718407471048,-125.81974028506609,-129.8218387273443,-132.8932298474759,-135.01518613086972,1
-123.55323138843137,-124.77291070732221,-128.68968705826157,-131.70765335667454,-134.67322084334742,0
-115.71302152617746,-121.47756949233305,-125.82785891538198,-127.43542438928472,-129.13602280547343,0
-124.42019029279344,-125.76433498447419,-130.3116903575066,-133.1502482895385,-134.9186755804538,1
-125.07732386867553,-123.41018116038184,-128.62965682510958,-131.4395371434095,-134.0843478214035,1
-123.64741886666658,-123.05679858749171,-128.9402339155666,-130.6137348083374,-133.87519004042773,1
-124.231754385797,-124.5989719267953,-128.28821072462864,-131.84375193360003,-134.4252962440635,1
-112.27507365395462,-120.34814893895766,-124.71019802432458,-127.37420261752114,-129.11752865112078,0
-118.70833838796045,-122.30889035498282,-126.24638360144783,-130.51739438014044,-132.12960697128165,0
-118.60832932002911,-124.254155366408,-127.96044073274001,-130.62303844368182,-133.25755515947776,0
-124.37506710251989,-124.39478626253411,-128.2226343254107,-131.84842811637236,-134.9701143102522,0
-116.38291662114503,-121.69715326704107,-124.7503403296732,-128.15801238046944,-129.36521084587514,0
-122.59550171860539,-124.84691467806459,-127.13995183097607,-130.51086379390244,-132.94283214944343,0
-121.33648953162339,-125.10738962169015,-128.31852578276477,-130.99466524143543,-134.02624403749792,0
-123.67175526406393,-124.26256077079944,-128.22194786412612,-130.86455791089767,-133.56173108649529,1
-122.44023994759254,-123.83326189422445,-130.31742468453217,-132.63365436218245,-134.38828727713968,1
-122.79821944337061,-123.88441170475036,-127.48470601542788,-130.47915564029032,-132.94166241665076,2
-126.26809262383686,-126.23124189833095,-129.82467882822618,-132.11683911825983,-135.02723118944044,1
-125.49593764281111,-124.64439822070536,-129.42595227778514,-132.0417425369088,-134.52422444004097,1
-123.09263334446855,-125.13268687573485,-130.76088323017854,-133.20844192510262,-135.2232013275217,2
-122.74722851384455,-124.11015216768149,-130.36258510829848,-132.9690294041843,-135.15108034877318,2
-122.8949051378619,-124.70788192694332,-130.45723062046278,-132.80924092667613,-134.78045902319917,2
-118.81719586782044,-122.08408306791053,-128.65404673081773,-130.92917277359567,-135.27999162912496,2
-122.05362294538527,-123.39281481820043,-128.00248864845574,-130.9001541326592,-133.99841090129127,2
-119.94961063430827,-123.04793450784682,-129.6637242151543,-131.85693933619913,-134.6256378873261,2
-119.94151309225114,-122.57563855175798,-128.44646544955793,-129.83107747023772,-134.5966959553378,2
-119.87549490230195,-122.97186975329053,-128.79914276911666,-129.6885071094786,-135.073381170463,2
-121.0940609537784,-122.6020002184867,-128.2125144078652,-130.31463091823701,-133.82217086521192,2
-121.07628833792614,-123.77836551328056,-128.8998105917797,-129.87757309876946,-135.4090680726686,2
-120.69283859285758,-123.54287919596703,-129.5900590663008,-130.48368357483,-136.29501075774158,2
-120.37374483315484,-122.79276594773692,-127.45657920412276,-130.19803760159314,-135.20365673812506,2
-122.88239960233003,-125.27610316100748,-130.52271089303483,-132.2239181478655,-135.4367061057885,2
-121.37860058596159,-123.95823201082943,-129.48781668320171,-130.89848106975776,-135.01184377990074,2
-120.63301871677227,-122.77723901569955,-128.71583213033256,-129.2204522511114,-135.61850895983673,2
-122.0127252555256,-123.85969628436155,-128.19192620459697,-130.57713111564715,-132.54011062303385,2
-120.75597514650067,-123.4258121415884,-128.55842750494574,-130.35265082324318,-135.07208588902742,2
-118.25144259072154,-120.41337748773779,-125.05209732934802,-128.69331498065597,-129.72537755885475,2
-122.9510815082232,-125.14200301586922,-130.61922458854733,-131.63994908520104,-136.1007104886922,2
-119.94150632028565,-122.716459409753,-129.1127866668647,-129.86691769718016,-137.08633882760913,2
-121.30866035352393,-124.15671290306138,-129.30272628942825,-130.3171321578229,-136.32953078708096,2
-122.2933712906574,-123.32067800260668,-129.54061905190466,-131.89503928467306,-135.4120108035497,2
-121.76893383015009,-124.67126692924613,-129.59030475704304,-129.6640987417997,-135.99005113854338,2
-120.87023469737811,-122.4234273779898,-125.99469499502297,-129.03757457877842,-132.59019607343043,2
-119.08562040858392,-121.79275848319057,-126.08640827590914,-128.13586947524632,-134.58309688928762,2
-119.45457113198496,-122.49032795022286,-128.45104365625426,-130.5903025088185,-135.5017896852735,2
-121.0119528577784,-123.12280946133188,-128.72784170670107,-129.823989535202,-136.38414272090344,2
-122.00625380780698,-123.50982708237687,-129.5758080052787,-130.96105924519102,-136.17500013011792,2
-119.40275351259095,-121.90270681704054,-127.47767794975175,-130.71452564879843,-134.77905911603975,2
-122.35850479676985,-124.8193161941915,-128.81138719299523,-131.02286595869234,-136.90484513388373,2
-119.69482890434783,-123.64945821054208,-127.99458555275072,-130.32910049356025,-134.3554311371576,2
-120.2688548786124,-122.70212150807714,-127.60285347423783,-130.42042646800942,-136.41317047879937,2
-120.055214782963,-122.81157746164192,-128.989363987886,-129.71477660840753,-135.51207060289468,2
-121.23458290194574,-124.36958220343521,-128.37117785475675,-129.419454623125,-137.436668862904,2
-122.52990123827118,-123.9177975580356,-128.60534996604588,-132.63533134326627,-136.57883115367602,2
-120.03792117075697,-123.14822759295132,-129.9450965141497,-132.10914353768837,-137.602097009307,2
-123.53820248578562,-126.33660496208631,-130.71071384657247,-132.26080421834317,-139.32621509973455,2
-121.58914382456658,-123.62914452544211,-129.08580455366427,-130.93679010232628,-135.61050696026325,2
-109.90505621939192,-114.57792677892861,-118.15280797651221,-121.24979728225979,-121.43476449278083,0
-108.93169890546255,-113.01123769716052,-118.31774605139763,-120.6353594000653,-120.69653640458473,0
-101.53871414439735,-105.46929567306945,-111.1779149933156,-113.88649741128357,-114.31280146627694,0
-101.54902078897095,-105.79083484970678,-112.18676052530508,-115.44119387500453,-116.82531475642894,0
-105.94556107848884,-112.39660422249216,-118.3254178925075,-121.04612506754795,-122.88096579033322,0
-121.78722706814574,-122.53345809340541,-125.48135131287042,-128.31526983254557,-131.4646984453893,0
-117.83421596709032,-122.6511262994212,-126.47568638033222,-128.73107871559804,-130.9402407811909,0
-116.98950460625208,-123.5075787832678,-127.09634589863543,-129.26301623828522,-131.05963053498476,0
-126.71643654268539,-126.11103585736845,-130.11840750171697,-132.09721840039157,-135.25190349958396,0
-125.18418810036405,-125.58550197485373,-128.65332405309456,-132.07791506704172,-134.98425482022432,1
-125.09576758334691,-124.08704913886713,-128.01976417660813,-131.56596155563952,-134.26715456051582,1
-124.66238160982203,-122.87291136405561,-129.0649532589588,-131.44404932011605,-133.9165708915363,1
-121.11441847582765,-121.51107128273465,-128.7325299454218,-130.99719996726827,-134.02499411506307,2
-121.51667167458405,-122.53026495329912,-127.13760603952761,-130.79505289077284,-133.85830032987815,2
-124.18911409003707,-125.45944727834988,-128.54341756198392,-131.07929822388087,-134.06560361007638,1
-123.7389505175682,-124.55339174019616,-128.72720002151792,-131.21515556525432,-133.90344391212685,1
-121.11806090170185,-123.65459905480027,-129.45023944870704,-131.79357535965565,-133.86137379439742,2
-122.9971289947539,-122.15484041443675,-127.17004471699973,-129.67466025296204,-133.4441854515908,1
-119.43656595891812,-122.44652452798536,-128.58242699710314,-129.77146322012015,-134.53707086973515,2
-121.37147310204388,-123.22433803484478,-128.3868394475843,-131.5058332084833,-134.85177432921245,2
-120.04536827044285,-121.56876457897417,-126.83448829975494,-130.0680545122698,-133.9761463308526,2
-118.98063640927592,-122.04638456395745,-128.05729899429943,-130.35463735674992,-134.9431938215091,2
-119.2087064561394,-123.45778996876767,-128.4448786008887,-130.20819641147503,-135.38128971602706,2
-120.5198208037542,-121.87059873548685,-127.17465744395426,-129.64895484736124,-132.4844832272327,2
-121.12092798374454,-123.08788654445533,-128.923960013175,-130.36790168085236,-134.81693290853883,2
-119.104338656129,-122.4515757222893,-128.20973456796935,-130.51609551603556,-134.0567309186781,2
-120.93993637741679,-121.75672820299584,-128.46844522710532,-129.56935202685452,-135.36776472309498,2
-119.24122864595937,-122.13742870821754,-127.76116678296144,-129.008789791787,-135.04949684719946,2
-120.74625965942866,-122.85307106748408,-129.03289358677975,-130.83107072243067,-134.27478717483166,2
-122.69524428495558,-124.45119135712889,-129.98597901289466,-131.69252654477782,-135.9889354601019,2
-119.79394090306401,-122.22355576099416,-128.38727506439847,-130.41409470240072,-134.53465709521453,2
-118.10340832893591,-121.6946665750072,-126.90654944894345,-130.07202662302882,-134.23888960294903,2
-119.62849042888963,-122.85673186082452,-128.8470864773071,-130.02283879961735,-135.98303142820689,2
-119.25376526811444,-121.10912506168181,-124.23042578319875,-126.62602838392368,-128.2854598301265,2
-120.78248104653795,-122.36168764019463,-128.01330508556683,-130.83623557839994,-134.6187811026792,2
-118.34934596181058,-120.81337641632392,-126.46224062351682,-129.20252917689285,-135.1786282307745,2
-119.94742100856124,-123.28229904355807,-127.75640889819138,-128.83708848650474,-135.09271386308566,2
-117.24377063906844,-119.98898677994349,-123.91168121684629,-126.48757813428549,-128.9817644487089,1
-123.898290128003,-125.29619255741434,-129.25192481359394,-130.99113254208822,-134.57987843238035,1
-121.47039096955957,-124.10700010683028,-129.00325757408777,-131.59214015377978,-134.30219866440675,2
-120.67247898610533,-122.48071411391915,-127.58422894836839,-130.7217948749381,-134.3326327049561,2
-121.9197404296963,-123.34345180120548,-128.4634678181785,-129.86099382760335,-134.8288029560288,2
-121.75468645048862,-123.28564054137716,-128.26685006130796,-131.26427796766203,-133.98035902147905,2
-121.53756542637706,-123.84670187695926,-129.2057395452608,-132.18669828568468,-135.53759251613468,2
-120.75348893162526,-122.12430323943042,-128.27419861084064,-130.45305463125183,-134.93874079251538,2
-118.96922761765413,-121.9726731265428,-126.48473872805918,-129.9343849293979,-133.71143299928448,2
-118.26914274005493,-122.19095166397267,-127.23625562728608,-129.2885724354342,-133.29669623705652,2
-118.26353702620106,-120.1207674747617,-126.70805273545348,-129.06404555701772,-134.52014572201134,2
-122.53628416596742,-123.00075608463617,-129.27787569710014,-131.050501168331,-134.86220054127145,2
-118.83011814842399,-121.68548666096743,-127.39978901847653,-129.86951863432435,-135.10331016605235,2
-120.80221393607626,-122.39615142743219,-129.5583392616774,-128.6591639901862,-135.8893194186602,2
-119.444163815219,-122.04910189046123,-128.35169363111268,-129.29603218352693,-135.79109800755555,2
-119.36796087379675,-122.45222677037957,-127.71082534291786,-129.7784674038164,-134.86401432069158,2
-120.44970672126044,-123.59966022144833,-128.65013682265214,-130.04290440004522,-134.563926416278,2
-119.4233460755717,-122.17971976985933,-128.3730848842529,-129.94150711611772,-135.17083226252856,2
-120.38368368130425,-123.00352651168743,-128.12844493872305,-129.08998896916097,-135.17774975598485,2
-120.61232405708516,-122.68001850871832,-126.72120970908016,-129.0968566681378,-135.39693557878624,2
-120.37416727338741,-122.84534728314654,-128.12397911050726,-128.9826218930792,-134.9001715040966,2
-119.23276334963616,-121.91933652148212,-127.35919096951368,-131.05061142438126,-134.4030773198544,2
-120.58612376718138,-123.73762548599045,-128.2539657773702,-130.13239330182938,-136.0544695797654,2
-117.66091887740919,-121.05051293320234,-127.05083265410858,-127.95192113449383,-135.9225980265013,2
-121.09289210407073,-122.33579684698496,-127.0273846039603,-129.91259637156574,-135.7494955608925,2
-118.31195601040666,-121.5592843081917,-126.84932315840018,-128.18653441605164,-135.28725065993646,2
-119.90283196867775,-122.17715043023354,-128.2243407058924,-128.96206288655742,-135.7516241608272,2
-120.2765421324443,-122.52033134353367,-128.11848409693,-128.694800734147,-136.89407962846028,2
-120.217684293443,-122.24530369463355,-125.09845871193362,-129.32555951452008,-132.61277285513958,2
-120.4940128236675,-121.37730118956895,-128.06230492027223,-130.5032405809162,-134.53156713090132,2
-121.07561150740769,-123.28969862772196,-127.75605242597386,-128.52502039989258,-136.13119307644737,2
-119.2080329582951,-120.82291165531667,-126.39945670285401,-128.62721194072142,-135.47055063917617,2
-121.87337435949328,-124.05492437033085,-128.2789879202001,-129.05204782491953,-136.27966596390766,2
-119.83139867881972,-122.64613869830629,-128.08690898136365,-130.5073697083087,-135.80675869216967,2
-122.1509502033459,-120.58133287944786,-126.62685599548692,-129.28807359348494,-133.94405414999696,2
-109.71262630126436,-115.85905030291968,-119.82939085382428,-121.02667840678626,-121.35723083779749,0
-122.41555261843243,-124.35078110854192,-128.4548446328257,-131.03819855085504,-132.6053598817515,1
-123.12788599657213,-123.11524459553091,-126.4636963972144,-129.19090147081081,-131.2928427872922,1
-121.23484808950812,-121.48007658006037,-126.83065594204172,-129.42807276964078,-132.20782758940797,2
-118.16649724311725,-120.73639757249644,-126.76807775643175,-128.26620482973453,-133.5868077771752,2
-118.7617431063295,-121.44519236557556,-127.64247170967062,-129.39945039786093,-133.4586613308947,2
-118.69042994532084,-122.3951663915788,-127.6116400946466,-128.36597622499008,-134.81201942078664,2
-118.8920218410762,-121.27661210401777,-126.00122731979062,-128.65078330706336,-133.73631875891874,2
-119.771200783694,-121.94354014618227,-126.54569788809559,-129.95910200868047,-134.73412337662398,2
-118.99637396589941,-121.48605660940856,-127.05315446687058,-128.70099389618352,-133.91073488760398,2
-119.59837998456504,-121.832394665935,-126.93740730383072,-129.44102747502282,-135.1690429972759,2
-120.262256103332,-122.45548928188114,-126.09246171532824,-128.42621601268308,-135.53537918767734,2
-119.5138231815607,-122.5050114081286,-126.15885462174879,-127.15741157648667,-135.51582246718834,2
-119.06758730352263,-121.93488668534994,-126.8348747095499,-128.07345874900653,-136.09920079143745,2
-119.64422790411294,-122.19607987572911,-126.50803733229898,-127.89844667940385,-135.69632406996,2
-116.30650662935528,-120.86399131683258,-126.90622297144301,-129.52066786325034,-134.85775978047383,3
-118.61487547291999,-122.00752575013189,-126.55256072913072,-128.3337242647561,-137.0394228542272,2
-118.43312883025513,-121.46251177076876,-129.32526859668673,-131.42707471850412,-136.53930683884067,2
-118.16663510484658,-121.20059242124194,-127.478123342313,-128.5623561754272,-136.14776134897983,2
-118.90781910677657,-122.2746277670785,-127.54767583732718,-130.24578425339783,-137.14055752923235,2
-118.67325496628064,-121.9762797383327,-127.73303504352695,-129.90894192329702,-137.53247687984242,2
-117.83199805585083,-122.90608664796176,-129.03912746165904,-130.53282163896893,-138.2975984266975,2
-117.52394945640216,-121.70735428895111,-127.54951267363262,-130.81003141670465,-138.11756861978733,2
-120.80023736518304,-124.09199181355218,-128.85627979835039,-131.6656394517289,-135.94954340772435,4
-122.58576555779652,-125.71202383725523,-130.38273859371893,-133.90287553367503,-137.7019641958192,4
-117.68428860495129,-123.68624551616773,-129.59945499612527,-133.46366323809775,-136.6360208818308,4
-120.10994158989062,-124.89086441271252,-130.81601540916253,-132.3625743210888,-136.94579435955512,4
-118.74950771502616,-123.72969554231851,-129.60112722956168,-133.10714284642336,-136.45812297588913,4
-122.94509778461715,-126.43501301098702,-130.92513755586234,-134.42661889220625,-137.5214834380858,4
-117.99854311558833,-123.859094756707,-130.61498237249253,-133.36143996307706,-137.28127934410782,4
-123.7001472048832,-127.3592176563655,-131.80567406272968,-134.2934974574072,-137.98067801243894,4
-119.6215090496641,-124.85092497362973,-129.11610484941616,-132.15215024892814,-135.89070228003038,4
-119.6625990452888,-125.00001748943288,-130.80751300799707,-132.62487025150583,-136.34295829036873,4
-120.4471223691557,-125.21502166573856,-130.7055273280572,-134.23049155062222,-136.38793013533103,4
-122.11397208959907,-125.67548010242326,-130.4300161958765,-133.28046761081188,-136.97529181381262,4
-119.68691409911678,-125.25705735809397,-130.33831824984082,-133.83769993432347,-136.77356257238532,4
-118.98383225786704,-123.25081325033594,-129.20757442917787,-132.25409588141457,-135.21011276745307,4
-119.79776729373907,-124.89425238236163,-130.2084176032705,-134.60211574589,-137.6353785257097,4
-120.59734140102448,-126.19825650349598,-130.43922556371456,-133.97402311145808,-137.1388757399136,4
-117.14932014654366,-122.99828721855508,-130.47610178530365,-132.55234855669394,-135.89998754989293,4
-120.70236287685134,-126.91678734743887,-132.07616448130986,-134.97728272180953,-137.75496329672055,4
-119.99551612594536,-125.4253755790646,-131.3973728524491,-134.46302593325217,-137.60451138676984,4
-115.89227440457663,-123.10582157345364,-129.86339856214266,-134.20515282707814,-137.53207193834228,4
-117.57995615756674,-123.59019412457695,-130.4709446565483,-134.08511750507103,-137.59436701081432,4
-117.97214285257408,-121.98783547793926,-128.33866410134735,-132.8155090978432,-135.34735697950225,4
-117.48359139707817,-123.30633473778225,-129.27858504172698,-133.03026845761474,-136.17098289934052,4
-117.15858255012905,-123.88099458089876,-130.25954086173155,-133.3365584637541,-136.712397781439,4
-122.9975811944861,-124.39573521264127,-128.93634410731875,-132.36239562912,-134.89701512650197,1
-121.92942913779511,-126.27208534147745,-131.43761444420312,-132.60632733897006,-136.68109718925894,4
-119.48983624153873,-124.64508036757486,-129.72091723851113,-133.48637198067735,-136.06212478756785,4
-120.35705111787783,-126.11201567068426,-131.21621115490532,-133.8065376206768,-137.0685732544067,4
-124.46124686688465,-125.54712291476181,-129.46668369735275,-133.32111933845772,-135.3272303977757,4
-124.40868408619947,-127.1432578557182,-131.46766638397887,-134.17630475884718,-137.38475034495565,4
-119.55108563937323,-123.88442341089194,-129.95938994162128,-133.42061048763506,-136.90622981099244,4
-119.45896827819617,-126.63217288143265,-130.87793060092062,-133.72575796482516,-137.49637180241234,4
-123.00665402917468,-127.4263659006273,-132.084044778942,-135.03193888065687,-137.82685662259567,4
-119.97862723692474,-125.33183001172753,-130.5701367520527,-134.3531966711975,-137.76488993762467,4
-119.27399565317833,-125.33094025112891,-130.86256576805667,-134.0491960767567,-137.69027854820925,4
-117.44011813761765,-122.38869741874093,-128.7995568204343,-132.1007117994997,-135.53081851908797,4
-115.20911227491705,-122.5006617974603,-129.7901368587517,-133.24006222077983,-136.58318468007812,4
-117.40789956082435,-122.96830114394331,-128.0952734046651,-132.7071622605827,-134.37749817996718,4
-123.19869539129196,-127.30649574726307,-131.93079444667148,-133.91725061324576,-136.8288282238549,4
-113.79417765652396,-118.05519608170226,-120.77013367379277,-122.50100206862395,-123.62114867719843,0
-121.06838448879371,-122.44876613590097,-125.89489928653971,-129.33774586245232,-131.97888992452908,1
-124.13225179227517,-125.94531251790139,-130.1460985362969,-132.89119356976514,-135.43465949747883,1
-120.31356027263341,-122.76998261931274,-128.7189864925844,-131.3637895032109,-135.6901554222925,2
-121.21752163594778,-123.83765628226818,-129.20574220861778,-130.41134275556178,-136.34170777323973,2
-120.3702602261407,-123.03323469164826,-128.61684898691985,-129.63988945663257,-136.7350941837604,2
-121.22120249455405,-124.59503245913999,-129.86191526195157,-133.0579628358855,-137.30120805156275,2
-120.62536283023847,-124.94501761113189,-130.51578159533818,-131.62021091844173,-137.06721262650808,4
-121.20510956934575,-123.49884872684284,-129.2103554412924,-131.04398640675385,-135.33756325849964,4
-122.67959176396381,-125.1550720787603,-131.43557552251337,-133.23074515987489,-137.1518275755905,4
-122.15648385223118,-125.48891116917378,-130.05108367384705,-133.49880055460375,-136.32508242335803,4
-122.50941663361961,-125.99808392292684,-130.46472685543847,-134.1349075277406,-137.23135588342538,4
-121.79526314073279,-126.63635763710825,-130.403541214351,-134.44480400174825,-136.84879922108766,4
-118.91379143188881,-125.74224946352037,-131.27089174451618,-134.06801742804154,-136.89257788625216,4
-121.42694466351455,-124.85875358135696,-130.31813101256768,-130.89446765845085,-136.64093481348561,4
-117.07245317383102,-120.54528939289132,-122.85148120355996,-126.95305496645018,-128.32492392763078,0
-123.96818564398889,-122.54993307743293,-126.21121194915395,-129.84682936515796,-132.04629423844526,1
-122.20224567688612,-124.2040485892331,-129.49954991040508,-131.78128427110946,-134.81028908841216,1
-119.16420306581804,-122.9129495471822,-128.6682419443534,-131.06987320564448,-135.06748610298993,2
-120.97601377900324,-123.86835159540384,-128.81556374209603,-129.30810990850568,-136.3283918107092,2
-116.78350255964978,-121.51354645667746,-128.58937575178587,-130.20394279854904,-137.140088194431,2
-120.77336771408957,-123.6847327994526,-129.35073838852466,-131.4276870388119,-136.9357334244619,2
-124.40581203575617,-125.26143671570176,-130.3038828982926,-132.37398421551606,-136.69086848171008,2
-120.70698653008552,-123.38997833050783,-128.56481726031305,-129.27131162148143,-136.78321114901684,4
-121.24898678803696,-123.90503648184328,-129.46258107820242,-130.42807991170758,-136.70347298664097,4
-122.91368366072152,-124.05259113793498,-129.19292211825248,-131.20692310951043,-137.44661568925085,4
-120.1342723664682,-125.93576087447535,-130.6443791523367,-134.03114906505982,-136.96144062290847,4
-121.45495817821843,-125.24736016086425,-129.705896859834,-133.53389798169934,-136.9206350309688,4
-118.27722272099639,-123.82303256491033,-129.89470980162295,-133.34603876190246,-136.60060877314757,4
-124.02641041203027,-126.01107519678645,-131.44018902788346,-134.32484749286334,-136.82276298056766,4
-118.74600676739583,-120.21158303760343,-124.27801800410808,-126.92500865709671,-131.60125310947606,1
-121.55999587733835,-123.78568320162653,-129.16140200257084,-133.1297391346109,-137.18982108067073,2
-119.14558379587011,-121.75264434999261,-128.6878150645396,-129.3862930775431,-136.8342818580611,2
-118.88903714731063,-123.36017707870859,-128.1911506340576,-128.88858854659983,-137.04679628557489,4
-122.3888181457729,-126.04260045220596,-130.66450841057943,-134.41566298540477,-137.12254119229394,4
-121.48357517412857,-125.4372144951864,-129.79415206891022,-132.19467510474087,-136.96034308955234,4
-120.9438947372298,-125.33357751016169,-130.25721077027973,-134.66038298945045,-137.48224964887484,4
-121.14769397364006,-126.20015922141864,-131.01751499357113,-134.67004424750664,-137.0529237945219,4
-121.46036492546898,-124.87319459554539,-130.76766936659595,-133.38179254760232,-136.98543526370057,4
-119.18473839338318,-122.80925368488258,-128.8760543375723,-132.03100799871748,-136.10305350876823,4
-119.51204105772305,-124.1240313678409,-128.5893005347615,-132.0030560289511,-134.34363558449752,4
-113.86891313202524,-117.49125729478641,-121.33384528822957,-125.05952326601187,-126.18678796105003,1
-122.92560354103804,-124.90528587739901,-130.1374043032234,-132.69746165891033,-135.7306281010292,2
-118.6804606833432,-122.92192229218745,-127.409900046205,-130.5385658184072,-136.28611083388697,2
-120.17631737322064,-123.63455916921872,-128.8943198772089,-130.43093032757218,-136.38737675453382,2
-120.20691742684495,-123.07747248820084,-129.64545525494162,-130.58769076082976,-137.21705685856503,2
-118.93488609627536,-125.11910282310612,-130.7146796781413,-132.43100005094334,-135.45491347099357,4
-120.81725812965118,-125.42649639672985,-129.90545847381972,-132.38280066248169,-137.1223879384416,4
-121.82582430231537,-125.01719991221675,-131.24128869147378,-131.58126591599088,-136.87777692180495,4
-122.659596521355,-125.8354965460884,-130.14431705819112,-133.62116311271032,-136.78405239159574,4
-122.6872746065466,-126.32067358333512,-131.24291978767556,-134.1536593829106,-137.51516206283756,4
-121.04503834879135,-125.01766058867281,-131.12097402850733,-132.47154672363564,-136.4838772530861,4
-121.51126739302042,-125.86363193324726,-130.4863721337083,-134.3756880667333,-137.05397359264242,4
-119.21737214816989,-123.32539062789535,-129.0288697920633,-132.79684395393048,-136.89116238685654,4
-117.00622483835028,-122.02767524387028,-127.95704798423037,-130.68055784735373,-135.337570871955,4
-121.10524643145331,-124.35340771650775,-128.8149063653399,-130.56245031428276,-135.13786519667084,4
-123.07683917329722,-124.02831732287336,-129.23181286157075,-132.95585154157294,-136.41462622411888,4
-121.71112295706703,-124.69073696838812,-130.74997852032527,-133.58617767626865,-136.7439101253851,4
-122.81889720225583,-125.17728094774907,-130.12277433817246,-132.4376194556038,-136.92129746850532,4
-119.6012362166307,-124.0660912130409,-129.72564844262791,-132.22085755232501,-134.9208880052945,4
-122.93272823394864,-126.15817891669063,-130.73665912961673,-133.3297149316075,-136.9513112420869,4
-119.12335685392878,-123.32288979365015,-128.05575371382156,-131.13055884597347,-135.05789874022383,4
-122.03132244041396,-124.44496716975597,-130.70031834906075,-134.43861347357964,-137.1757396697765,4
-123.25047060153622,-126.07691639090336,-130.51277089240298,-133.3415697725876,-137.21107706529253,4
-120.07303326939422,-124.51257361968075,-129.96884321402433,-131.81083541705513,-136.7218142438324,4
-122.04764826201924,-125.45780915582405,-130.097830941378,-133.8999672413032,-137.23856062433327,4
-120.27601719601479,-122.65038656155787,-128.8047130758279,-132.55127174859962,-135.65539327235925,4
-119.71882780010823,-125.25318513906164,-130.05562292198908,-133.85803985508795,-136.6374773949006,4
-122.76219566387421,-125.37809710543652,-130.4668663439139,-134.3165006069167,-137.25270677072945,4
-122.40141007805131,-126.22388730937442,-131.85388486735803,-134.941426754568,-137.05767778441864,4
-118.75556478152012,-123.87079506765038,-129.64386852675796,-132.6389519799326,-136.95457181994786,4
-123.44234928154624,-124.55642323713082,-129.51088143243487,-133.45391758521953,-136.73750592709874,4
-121.97522456151276,-125.16143318939612,-130.00299398576635,-133.70262253357544,-136.74919816404542,4
-114.63992524880499,-118.13019077382947,-120.94802971788029,-124.53343264778957,-125.60370375621777,0
-122.10641121349053,-123.69915138562295,-129.2379633715129,-132.07172779692553,-133.7834406756861,1
-118.81061019282916,-120.54322855516543,-126.89662735161777,-129.30854050999,-133.18902225576292,2
-122.18088098298132,-124.0823425841178,-129.37663408418624,-131.57767336633322,-135.48084053576693,2
-118.21641660481902,-120.52806752892015,-124.6481145768466,-128.58456172510182,-133.65983574962323,2
-119.98586689503786,-122.85310004459458,-127.31387881605481,-129.28293654860886,-134.78159852330248,2
-119.30964201282998,-122.82621042062537,-127.95912434810907,-130.2945487323147,-134.90796437701252,2
-116.8988216453712,-119.78282987984078,-126.29102432714859,-128.45507319955038,-135.5003327068817,2
-121.20372659212124,-123.60177053597141,-128.32088105174498,-129.4436397853908,-136.20259174281102,2
-118.82592185267043,-121.88539012592247,-125.62470175727532,-127.781396193314,-135.03779066109115,2
-120.25679225709587,-122.09095750787303,-126.63988892259923,-127.75841158151962,-136.40206229483732,2
-120.50153876287604,-122.49052605072409,-127.64277472774683,-129.26964367797217,-136.52519865273698,2
-120.38226504565966,-122.34061437278507,-129.06264464421895,-130.63228906361172,-136.60534495078736,2
-119.87874035273407,-122.48138241179971,-125.53422328012819,-128.69650012471544,-136.142149463178,2
-117.1694146886538,-121.6132925208298,-126.7774398060005,-128.5037733343062,-136.58830674548975,2
-118.67938571641233,-121.6324088444527,-126.36256850890858,-129.05323718755238,-136.0688491187599,2
-116.99200635481535,-122.38413288940953,-128.13427796304006,-129.41458010658377,-136.6394687192372,2
-117.98613897417128,-121.38485456513132,-126.99310326760319,-127.87647582309842,-137.00068535790277,2
-117.29405841106282,-121.82179052989834,-127.81744465968642,-128.8739432697816,-137.2880651457185,3
-117.4792605170675,-121.71765398862838,-128.07813578734005,-129.92601062787045,-136.94683011193735,3
-116.10586704254395,-120.87650970596454,-128.41262574632842,-129.46917386997427,-137.07893413913206,3
-115.67543137859882,-120.05735207719752,-126.18469487255531,-129.5986411028539,-137.56945386318165,3
-117.21802667320745,-120.9929075378105,-127.55395690405891,-130.69898654902443,-137.48753979690963,3
-117.53242128670347,-121.094369075657,-128.18480479649023,-129.87978774742683,-137.69986294387508,3
-115.39949391684584,-120.85099794246518,-128.07897020210808,-130.06493515497561,-137.5385773707698,3
-117.60239881074286,-122.70191758330024,-128.326488276388,-131.86061754327025,-137.73453257861334,3
-116.4091394877142,-121.31799555545061,-128.50383775215167,-129.51859498656293,-137.36294776092495,2
-114.65881329027172,-120.38005741536615,-125.93220833331428,-128.62581813819315,-134.49362798877226,3
-116.71040274326297,-121.08747699128665,-127.59179829090118,-129.96923160699058,-137.30868218423626,3
-116.87919146804464,-121.47333242818166,-128.51363578086966,-130.75646235419532,-136.57196373849362,3
-116.29547333982921,-121.71848141519395,-127.07932597498743,-129.46451748127708,-137.10758226587834,3
-116.94637336851213,-121.6138684205426,-128.51421661465218,-129.61477179398292,-137.2726676501717,3
-115.99703700965948,-121.91370525786506,-127.92945089848965,-130.31874239834602,-137.52202525681213,3
-114.83625829958076,-120.95075167263947,-127.78241993051195,-129.98172561999826,-137.77692097890224,3
-116.65842326374676,-121.10441037115987,-128.0794718917278,-131.3403603252203,-137.5033967565955,3
-116.44509047268296,-121.4125498236189,-128.4609113913379,-130.38707483165436,-137.2053334243098,3
-114.87841212768772,-120.4816483752114,-127.22304335463195,-131.2622744304613,-137.69350552146747,3
-116.43275652108377,-121.32250860899053,-127.26363230478047,-129.8461877548965,-137.70119082618743,3
-114.4836347882868,-121.32978844376983,-128.7672401705328,-131.26275051516086,-137.69770667350645,3
-115.55035953667623,-121.104194511198,-127.58068712891675,-130.25725984376476,-137.18775416720229,3
-115.54076640110651,-120.61008805510028,-126.95990934862455,-129.38341244937706,-137.28492634059242,3
-116.93625868075928,-121.14267291013525,-127.32397218221578,-131.04027545770705,-137.59650162099297,3
-115.43890441754819,-121.32427522462181,-127.5704000337378,-130.55930707522378,-137.2374546343388,3
-114.90939194821749,-120.64369092559569,-126.99053435605266,-129.00600156376746,-137.47555260950466,3
-116.09973307028683,-120.91677764951253,-127.16458704641252,-130.13224722472785,-137.11045883236463,3
-115.97371745104185,-120.48511994455377,-127.32158668747569,-131.15514253943584,-136.40291449240624,3
-115.64526862384139,-121.78537939757312,-127.86204833027797,-130.7419118201952,-136.09009382004254,3
-115.5498013597493,-120.73409262681716,-127.57912225496496,-129.65340923692338,-136.54166701170192,3
-113.78549602112189,-120.85312671637605,-127.40127951142657,-131.3867573058794,-136.87925782530954,3
-112.11360209796425,-115.20888247729006,-121.61817013615145,-124.79271746019133,-126.7219333092494,2
-118.18862791921997,-120.01565238470599,-126.13486645540097,-129.02825423329753,-130.67574421303175,2
-115.29788813632103,-116.60253636849875,-124.06698233929393,-127.17283929053582,-130.50199392531613,2
-113.86485908174646,-115.3752015089079,-122.0067084274059,-124.38399677388469,-127.118716025511,2
-114.86220994228997,-118.50643517762215,-125.83285146172852,-127.21803777888931,-132.3555751752464,2
-117.05602493118086,-118.94488302984202,-126.1356766801014,-128.08373874846143,-132.57203775571352,2
-116.84141694972134,-118.63098343024265,-126.26502339391892,-128.10198938750838,-132.85484988897335,2
-119.48106582371781,-120.75779148028518,-125.99645872888446,-126.96059321223441,-133.4493555853181,2
-118.22811200328623,-120.10256280708428,-126.89109957126611,-128.12230169207018,-133.56521489974807,2
-114.11368686324639,-117.91618739202852,-124.3991191324196,-125.86588549493159,-132.2802916000702,3
-117.72084037561119,-119.55661610969919,-126.68794451198482,-128.9833702468782,-133.95007018983276,2
-119.26638888269666,-120.24077173008772,-125.80313750619273,-128.04682496646853,-134.21213357663655,2
-115.81072624901358,-119.42988838909147,-125.15144884462828,-126.37596688376863,-134.41244124169336,2
-116.87187472766648,-119.83525035475256,-125.35538993660221,-127.19352003846645,-134.02833949617045,2
-115.02959885312431,-118.71190435053725,-125.3325268999902,-127.25282388651993,-133.68118650728763,2
-116.26376992910646,-118.846331109581,-125.86967954161892,-127.628177481701,-134.34747530436164,2
-115.57762799595382,-119.93475674385533,-126.90991529099492,-129.33393854345204,-134.44842544385995,3
-116.92688023430217,-119.694745717759,-126.26125012576769,-128.16555086128932,-134.28068944010843,2
-116.84020195152321,-120.442311515316,-127.08372595192174,-129.50216162845507,-134.93427688492446,2
-115.37646231788159,-120.06093638639861,-125.28298171157539,-127.67780594968578,-134.47331541459442,2
-114.89546231968585,-120.22415583852572,-126.38216768324828,-127.56698099280699,-134.77221948166905,2
-115.85089501290311,-118.77523328191728,-126.00340612719408,-128.10486925710893,-134.68917256936695,2
-114.22706779272434,-119.02416361910883,-126.40669965120026,-129.00379852888176,-134.18988603974034,3
-114.62613145683378,-119.40475379767118,-126.1003441891286,-129.4475904667721,-135.1017036643972,2
-114.58875179809206,-119.02369433192716,-125.22197245023266,-127.83637409574303,-134.95539149546124,3
-114.5752733927417,-119.31670122548569,-125.66880497675555,-128.03511847766194,-133.88169950162384,3
-115.91130998905741,-120.01809117248791,-126.56354953722285,-128.510721908347,-135.2896385869361,3
-114.00321643402681,-119.58549711889654,-126.50402999746738,-129.85574295818336,-135.26813888361468,3
-115.20534606746016,-120.08625570558287,-126.57783923324736,-128.43256263787342,-135.31481164098506,3
-112.77216180198039,-118.99548561827622,-127.2873030746736,-129.76453947213136,-135.00455826071624,3
-115.70037882989556,-119.64860361680799,-126.88815714261104,-128.95825522018615,-135.3546453233234,3
-113.29491894526458,-119.32602226224373,-126.32504152598224,-127.88632900665641,-134.81569424864887,3
-113.23056340899758,-116.25879837475492,-120.38073093681693,-124.36669741785315,-127.9502605239539,2
-118.60437041639486,-120.54974594356415,-123.7232135341386,-126.74568673970094,-128.8836651681339,1
-118.7691019156292,-118.76245848503324,-123.25352533077942,-127.97126107116456,-130.1425320591068,2
-118.31702837178703,-118.13871132657397,-124.10499079862396,-126.77925868766765,-130.0345672525704,2
-119.06249114532713,-118.69066839542582,-124.42454878225638,-126.98707828745081,-129.9261559781241,2
-119.31436672369668,-120.95179406332902,-122.77391826542627,-127.96603158100532,-130.91855091647776,1
-118.9406521203958,-121.21607052155393,-124.73450238551153,-126.89109447264697,-130.00057150725576,1
-120.25981926003685,-119.49329727516505,-125.24200375569308,-127.73998694764487,-130.95663422242419,1
-117.83293929925387,-119.40059623965854,-125.97323517565525,-128.72878645896188,-132.0061608873203,2
-117.55208477302027,-120.84023434762884,-124.18277506286391,-127.3866152734298,-129.05388614136677,1
-121.86386848695439,-121.09731867085343,-125.12057460970742,-129.2215790040155,-131.14293930150586,1
-115.46662242905771,-118.19079956202721,-124.2755697110939,-125.98411709007624,-130.62363833141322,2
-117.99780011123646,-119.3644123718572,-125.87890310272701,-128.68001311864225,-131.37116991184422,2
-118.23680451997545,-121.04260950733979,-126.14620332830765,-128.10271728293858,-133.24309540014664,2
-119.82677623606682,-118.90275012056183,-125.5591185667096,-127.9158191010634,-131.31890037009177,2
-114.95893688232518,-117.64870739363478,-125.05784375098261,-125.82274205677217,-132.95280433378787,2
-117.03958633947319,-119.14115167078533,-126.47133422908887,-128.47409301725563,-133.41633678927684,2
-117.97123904749544,-117.99871066839145,-126.47282209858427,-128.47356596672225,-132.39002812108058,2
-118.20532312850887,-119.38234468319784,-125.23209887028302,-126.23463603807843,-134.55799067654078,2
-120.51968164906593,-122.07412867130307,-127.2387877209606,-128.57020845238392,-133.40755494616835,2
-108.54513104903232,-117.44444208599386,-119.91444565623675,-122.44434440720445,-123.830892232907,1
-118.47935577918835,-120.54505175653611,-126.55058346896172,-129.50916358605355,-132.15798489545838,2
-117.16422322810946,-120.02754114421019,-125.42534979398283,-128.62786113769909,-132.58967151464228,2
-116.654952838119,-119.0003345767692,-125.73125527285733,-128.5136096923938,-131.91099521478685,2
-117.35706186724619,-119.9584546008598,-125.3013723080098,-126.76177708264447,-133.63268700157894,2
-116.58441976560738,-117.77133400770553,-124.82183893488883,-126.08689636340347,-132.68095503590504,2
-117.24243698289712,-120.10098641366442,-124.70464642509752,-125.46226557200438,-133.50288847465393,2
-120.61856958940562,-121.24264184128701,-127.34858514132662,-128.5804620833014,-133.87353945786023,2
-114.88599186751179,-119.0727608097313,-124.77609137143499,-127.90390218967208,-132.6933925785641,2
-118.01725555744352,-120.54955875249458,-124.85612293981731,-127.16283893229135,-133.32425951910668,2
-117.1806922029285,-118.32156069969943,-124.16458152600389,-127.74905855564785,-132.47593936828255,2
-117.7862956114998,-120.40971641764328,-125.03832511538407,-127.68158345538201,-133.54135347707447,2
-118.47519665099013,-119.53723311614027,-125.78055535526718,-128.28932836511902,-131.51443400545418,2
-114.47754680799214,-117.96612619529874,-124.20031244380802,-126.39275881526417,-133.52039429189404,2
-117.49160115017494,-119.98297136541524,-125.20850789220663,-126.47298488616114,-133.18993514436286,2
-117.29641365879188,-119.7598101903033,-125.37919017460777,-128.01604392138168,-133.40123577151863,2
-115.20977935323386,-117.61590508633036,-123.26970256388643,-126.2326052768703,-132.0513074113101,2
-117.2143955566994,-119.67252921018404,-125.37330608458278,-128.81652697709717,-133.35655592071396,2
-114.17724187613197,-116.90894357974582,-123.66275074462695,-125.19178471539458,-131.89828435820655,2
-118.43372308497555,-120.5726365513649,-126.5725572756919,-127.0990104499497,-133.66590824490535,2
-117.65691419355838,-119.25277285936797,-124.80577454004822,-128.07227455449618,-133.69265360039714,2
-116.98253384333859,-119.76650985888857,-124.32556627641016,-126.24556292971563,-133.48671068651674,2
-116.2299055231086,-118.54127279731779,-124.98651518971988,-127.11470612779779,-133.92972368709044,2
-116.21133343703444,-119.59779288340448,-125.49883566967445,-126.76691771064638,-133.7407919491446,2
-115.68837029169204,-118.1055925763609,-124.77320801655644,-127.49565204018307,-133.65249323464244,2
-116.12906242806696,-119.0049763511849,-125.8703729720931,-127.80125325841784,-133.72603381555527,2
-117.01083491501987,-119.53033017122331,-124.97196893299221,-126.38593225868951,-133.68780544435702,2
-115.50862796712669,-119.55295848672445,-125.52352672474271,-127.45467151532746,-133.63534864010487,2
-114.84547930290165,-118.66384352633723,-124.66631700466935,-127.22496724750094,-133.9009648700438,3
-113.30082494962504,-117.8405542470603,-124.64455803755315,-125.68198962079136,-133.00239452312704,3
-114.61576624106303,-119.09516565478027,-125.31823553880152,-127.22263561863386,-133.72548352216097,2
-113.10516599995393,-118.3830498377679,-124.61761979873707,-127.31696799498422,-134.1881781685633,2
-113.4259474793611,-118.23341000056237,-125.44915796559076,-126.24575555610507,-134.02295051808184,2
-115.62882817217273,-118.6269643074584,-125.82212507512791,-127.84839819512221,-133.97280192814517,2
-114.91665859672561,-118.56317410958005,-125.01012238183921,-127.36906423681135,-133.80218974703953,2
-112.29344203902534,-118.11406112504835,-124.76347697117279,-127.55113745021295,-133.71259661127928,2
-114.19341623105424,-118.30389334578055,-125.02020224883583,-126.82233613159545,-134.3048721741408,2
-113.64294852079371,-117.86177271635232,-124.21472603228587,-126.59604790079794,-133.76296733151432,2
-114.26653478659138,-118.60329676408567,-124.70921660600273,-127.26957123048712,-133.8487922827708,3
-114.36293188076698,-118.94751998859354,-124.54386823394752,-127.29947261209853,-133.68579269969405,2
-114.09140547899462,-115.93368374186826,-123.04031330964501,-127.03684112714322,-129.8555284861464,2
-114.24269996958151,-117.29813410810056,-123.17011776171006,-126.08057967684374,-131.34116432547495,2
-115.03756451152934,-117.5413175553709,-124.16706394470376,-126.3876412978372,-131.40545204761156,2
-115.9059908448248,-118.44322775774978,-124.66408600898775,-125.9249976183161,-132.0442802422991,2
-113.62075437038798,-117.42734746495874,-123.92519065831347,-125.13099336812418,-132.2057490994781,3
-114.46281045710519,-117.04026318399406,-123.77730134750301,-124.99394522045995,-131.94412410142036,3
-114.0042101442166,-117.71557191154895,-124.10573663963976,-125.89991401218906,-131.88757081656487,2
-113.27806728793786,-117.9315672689466,-123.46330060959656,-126.8671040980071,-132.55668214294388,3
-114.26113887999868,-117.8648770859662,-124.10034492030685,-125.00048869743006,-132.38129224305357,3
-113.99096932791358,-117.06524929161344,-123.44355401328087,-125.49113791247292,-130.98577248309647,3
-112.0069990138395,-116.32365587596226,-122.44206600842948,-125.91868496116612,-129.84659529525533,2
-114.31207395634438,-118.21064342189742,-124.20675279871651,-126.54641205300105,-132.66427593157124,2
-113.47673541226693,-118.28398626911111,-124.58657002911391,-127.12950412942298,-132.5642875335807,2
-109.49114013098016,-114.9865242671834,-118.81029580426619,-122.79119577656816,-124.90459226284118,0
-112.90222119225098,-116.68252616572461,-118.73202770476189,-121.71489503965972,-122.76197875921517,0
-118.62392248720936,-120.67886146127314,-123.03465858922624,-125.38394833692249,-127.72336708451114,1
-116.61415286402986,-117.60492898996813,-122.27446520830277,-125.84007174244272,-128.1001980101601,2
-116.94113704140543,-118.28375121253663,-123.67199501090343,-126.93979757268363,-128.78258931264403,2
-115.26605484139051,-116.39017248496337,-123.55446750856109,-126.31943425313119,-129.60515676272408,2
-114.81029606059163,-116.43154526450408,-123.53414196052789,-125.24712349451336,-129.9049357926675,2
-113.89559159786043,-114.93846506605882,-120.25471151443767,-123.63187909345774,-126.95132079530671,1
-115.63490758759323,-117.758887662325,-124.26456580892571,-127.47293705072295,-129.97784339730177,2
-118.2126400918521,-118.63795361441385,-124.84864956129285,-128.04316033185293,-129.40623940363108,2
-116.56054915076889,-118.3467430633618,-124.74447320285634,-127.1747144483688,-130.58935808421535,2
-118.93693769875483,-121.81855460724634,-123.06732476725443,-127.39291600010489,-129.6251046571358,1
-118.42320896630231,-121.2016723136228,-126.49217721418056,-128.7197902746775,-129.8795355069252,1
-116.2150705234755,-118.01909632332713,-124.06240295297005,-126.82153151671832,-129.52251138665628,2
-115.93407083961597,-119.76996695340326,-122.89903401684106,-125.47333901220357,-128.68293460522278,2
-104.30591409704924,-111.28640741690977,-115.69981478877382,-117.70343773124789,-118.48245980178413,0
-101.56601649666327,-109.59617563449983,-116.21266716678218,-116.79404494911887,-117.93516980134287,0
-102.33646320336426,-110.72244415959045,-117.19038696135932,-118.82727885669128,-120.28736648480346,0
-104.21524389761059,-109.18026282678285,-114.21959169527703,-116.13182201541666,-117.3698970076194,0
-105.24537959097223,-110.43109869019946,-116.11188653035641,-116.81955588960861,-118.37897441735899,0
-105.4913712880975,-112.90689056455564,-118.57265856123182,-120.83185378097484,-123.1092177945307,0
-102.7725415842926,-108.749083463755,-116.3634767687803,-118.08581967164469,-118.7805731948295,0
-107.62292363212997,-111.34578109188753,-117.850162072193,-121.48212038867003,-122.14603930501119,0
-106.93009496346569,-111.92039260147095,-117.35172632690414,-119.65808574595401,-121.0108609626689,0
-111.69413150903759,-114.66934469985621,-119.74844302156204,-121.90119133891292,-123.7179469473812,0
-108.06161350712199,-110.85994469101261,-116.57259240219115,-117.94317572280663,-118.74426889170756,0
-110.57776540128685,-113.67500882821182,-119.26584569180176,-122.58772198778657,-124.40742665165916,0
-111.06921303052376,-113.88581944494273,-118.30253501025878,-120.67219295730854,-122.82639847267575,0
-110.10796613460076,-112.66976263753318,-119.19376484323884,-122.04568456604554,-124.37624000687828,0
-109.94778523370968,-113.083897494702,-118.78013458710868,-121.66447301774268,-124.06195356993383,0
-112.09325911729731,-115.22487147298924,-120.7004531539772,-123.2794157999324,-125.43911199024527,0
-112.50141450053744,-114.31272985810736,-119.721342649313,-122.04956098085427,-124.40080667673762,0
-107.51935173771743,-111.66581326969592,-117.63422217083735,-120.09014720252641,-123.06549610622878,0
-103.1480381019777,-111.15039837748408,-115.92118795687084,-117.43001757805624,-117.64795179562903,0
-102.56275768641987,-109.39184283912434,-115.54700572965054,-118.06850126336971,-119.37860525703672,0
-102.10745034372255,-106.16204548446318,-111.93521143335872,-114.30536569254697,-114.89360350528757,0
-104.60721506440323,-108.33064102972314,-115.67630502312844,-117.26845263707041,-118.55754073324557,0
-104.68711791590798,-112.87075596192409,-118.65509832911712,-120.35602021721229,-121.57082363779239,0
-108.21732287261496,-112.28899960349419,-117.81325878981973,-119.88632384877704,-120.28506434506139,0
-105.89619209775479,-112.16027456962962,-118.014933802367,-120.27307051929628,-121.19886039257108,0
-102.58844564784569,-110.20011586973015,-115.12324194532037,-117.53285153770379,-117.51517282817319,0
-104.39696282656165,-110.8263903765199,-117.66330236332657,-120.23420464248723,-121.19282633374168,0
-106.80072482595067,-111.51102401278399,-118.23733693546382,-119.92074581727151,-122.35399348638208,0
-104.52865311658486,-109.48350359189152,-113.48945532830199,-115.53427204546408,-115.52146675411554,0
-103.19997445045931,-106.65007902963956,-112.29169978045839,-112.68147711789595,-113.5113175428856,0
-102.69540247470731,-108.08049300754575,-114.68352943648655,-116.87784647736478,-116.96706743904593,0
-102.13663608831615,-107.21197782711047,-113.0273032010081,-116.11007560958815,-116.9566404418061,0
-109.25731319178566,-112.53528148236464,-118.32227623002147,-120.54293427772498,-122.91845529377593,0
-103.4879451352893,-111.11730537684073,-116.43024928059339,-118.20657201288454,-120.18802667269988,0
-106.48079156135054,-109.84033753168569,-114.35481610256912,-117.75128553863435,-119.20770173420881,0
-99.54044775695144,-107.06174496866203,-112.85211258745466,-114.91327371463353,-117.08848713840561,0
-106.37909408539244,-111.3618071038175,-117.58168928967517,-120.61833158464417,-123.33182972695167,0
-98.88986104277289,-105.25630737528678,-110.5373973200347,-112.0487847197554,-114.24855423244747,0
-101.5915605471337,-108.97453648742398,-114.17280104669905,-116.33969393331498,-117.33968376576487,0
-101.39253562027658,-107.41052984014618,-113.24851235538495,-114.9184380232738,-116.19010776963871,0
-99.70180043947764,-105.50146699812348,-111.19649313224612,-112.81508561463369,-113.47495784561778,0
-99.06599729378003,-103.78760658248785,-108.47892556280021,-111.06396599376782,-112.09104118040855,0
